,Company,TypeName,Ram,Weight,Price,GPU Brand,ppi,TouchScreen,IPS,CPU Brand,SSD,HDD
2,HP,Notebook,8,1.86,30636.0,Intel,141.21200170272436,0,0,Intel Core i5,256,0
5,Acer,Notebook,4,2.1,21312.0,AMD,100.45467278896234,0,0,AMD Processor,0,500
8,Asus,Ultrabook,16,1.3,79653.59999999999,Nvidia,157.35051618303572,0,0,Intel Core i7,512,0
9,Acer,Ultrabook,8,1.6,41025.6,Intel,157.35051618303572,0,1,Intel Core i5,256,0
10,HP,Notebook,4,1.86,20986.992,Intel,100.45467278896234,0,0,Intel Core i5,0,500
11,HP,Notebook,4,1.86,18381.0672,Intel,141.21200170272436,0,0,Intel Core i3,0,500
13,Dell,Notebook,4,2.2,26581.392,AMD,141.21200170272436,0,0,Intel Core i3,256,0
16,Dell,Notebook,8,2.2,39693.6,AMD,141.21200170272436,0,0,Intel Core i7,256,0
18,Lenovo,Notebook,8,2.2,26586.72,Nvidia,141.21200170272436,0,0,Intel Core i3,0,1000
19,Dell,Ultrabook,8,1.22,52161.12,Intel,165.6321222979323,1,1,Intel Core i5,128,0
20,Asus,Netbook,2,0.98,10224.432,Intel,135.09421512998384,0,0,Other Intel Processor,0,0
21,Lenovo,Gaming,8,2.5,53226.72,Nvidia,141.21200170272436,0,1,Intel Core i5,128,1000
22,HP,Notebook,4,1.86,13746.24,AMD,100.45467278896234,0,0,AMD Processor,0,500
23,Dell,2 in 1 Convertible,8,1.62,43636.32,Intel,165.6321222979323,1,0,Intel Core i5,256,0
24,HP,Ultrabook,8,1.91,35111.52,Intel,141.21200170272436,0,0,Intel Core i7,256,0
25,Dell,Notebook,4,2.3,22305.1392,Intel,100.45467278896234,0,0,Intel Core i3,0,1000
27,Dell,Notebook,8,2.2,42624.0,AMD,141.21200170272436,0,0,Intel Core i5,256,0
28,Dell,Ultrabook,8,1.88,69157.44,Intel,141.21200170272436,0,0,Intel Core i7,512,0
29,HP,Notebook,8,2.5,47738.88,Nvidia,127.33567783598265,0,0,Intel Core i5,0,1000
31,Asus,Notebook,2,1.65,10602.72,AMD,111.93520682198661,0,0,AMD Processor,0,0
32,HP,Notebook,4,2.71,23389.92,AMD,127.33567783598265,0,0,AMD Processor,0,500
33,Dell,Ultrabook,16,1.2,99580.32,Intel,276.05353104440786,1,0,Intel Core i7,512,0
35,Lenovo,Notebook,4,1.44,13266.72,Intel,111.93520682198661,0,0,Other Intel Processor,0,0
36,Acer,Notebook,4,2.1,19553.76,Intel,100.45467278896234,0,0,Intel Core i3,0,1000
37,Dell,Notebook,8,2.8,52161.12,AMD,127.33567783598265,0,1,Intel Core i5,128,1000
38,HP,Notebook,4,1.86,26037.4032,Intel,100.45467278896234,0,0,Intel Core i5,0,1000
39,HP,Notebook,8,2.1,46833.12,Nvidia,141.21200170272436,0,0,Intel Core i5,256,0
40,Asus,Notebook,4,2.0,20725.92,Intel,141.21200170272436,0,0,Intel Core i3,0,1000
41,Dell,Gaming,16,2.65,79866.72,Nvidia,141.21200170272436,0,1,Intel Core i7,256,1000
42,Asus,Notebook,8,2.3,27864.9072,Nvidia,100.45467278896234,0,0,Intel Core i5,0,1000
43,Acer,Notebook,4,2.2,36336.96,Intel,141.21200170272436,0,1,Intel Core i5,256,0
44,Dell,2 in 1 Convertible,12,2.77,53226.72,Nvidia,127.33567783598265,1,0,Intel Core i5,0,1000
46,Lenovo,Notebook,4,2.2,19660.32,Intel,100.45467278896234,0,0,Intel Core i3,128,0
47,Asus,Gaming,8,3.2,69210.72,AMD,127.33567783598265,0,0,AMD Processor,256,1000
48,Dell,Notebook,4,2.3,34045.92,AMD,141.21200170272436,0,0,Intel Core i5,256,0
49,Asus,Notebook,4,2.8,24828.48,Nvidia,90.58340436461343,0,0,Other Intel Processor,0,1000
50,Lenovo,2 in 1 Convertible,4,0.69,16996.32,Intel,224.17381362159654,1,1,Other Intel Processor,0,0
51,Acer,Notebook,8,2.2,44808.48,Nvidia,141.21200170272436,0,1,Intel Core i7,256,0
52,HP,Notebook,4,1.86,21231.5472,AMD,141.21200170272436,0,0,AMD Processor,256,0
53,HP,Notebook,8,1.49,58767.84,Intel,165.6321222979323,0,0,Intel Core i7,512,0
54,Acer,Notebook,4,2.4,20459.52,Intel,100.45467278896234,0,0,Intel Core i3,0,1000
55,Dell,Notebook,8,2.13,40908.384,AMD,141.21200170272436,0,0,Intel Core i7,256,0
56,HP,Notebook,4,1.91,23389.92,Intel,141.21200170272436,0,0,Intel Core i3,128,0
57,Asus,Notebook,4,2.0,31232.203200000004,Intel,100.45467278896234,0,0,Intel Core i5,256,0
59,Asus,Notebook,4,2.0,22111.2,Intel,141.21200170272436,0,0,Intel Core i3,256,0
60,Dell,Notebook,16,2.8,69210.72,AMD,127.33567783598265,0,0,Intel Core i7,256,2000
61,Dell,Ultrabook,8,1.7,46833.12,Intel,157.35051618303572,0,0,Intel Core i5,256,0
62,Lenovo,Notebook,8,1.7,31914.72,Intel,157.35051618303572,0,1,Intel Core i3,256,0
63,Asus,Notebook,8,1.4,50136.48,Intel,157.35051618303572,0,0,Intel Core i5,256,0
64,HP,Notebook,8,1.86,36763.2,Intel,141.21200170272436,0,0,Intel Core i5,256,0
65,Asus,Ultrabook,16,1.8,105654.24,Nvidia,141.21200170272436,0,0,Intel Core i7,512,0
66,HP,Notebook,4,1.86,23373.4032,AMD,100.45467278896234,0,0,Intel Core i3,0,500
67,HP,Notebook,4,1.44,12201.12,Intel,111.93520682198661,0,0,Other Intel Processor,32,0
68,Lenovo,Notebook,4,1.9,29250.72,Intel,141.21200170272436,0,0,Intel Core i5,0,1000
69,Asus,Gaming,12,3.0,50562.72,Nvidia,127.33567783598265,0,0,Intel Core i7,0,1000
71,Dell,Ultrabook,8,1.4,50882.4,AMD,165.6321222979323,0,1,Intel Core i7,256,0
72,Dell,Notebook,8,2.2,46353.6,AMD,141.21200170272436,0,0,Intel Core i7,256,0
74,Acer,Notebook,8,2.1,20725.92,Intel,111.93520682198661,0,0,Intel Core i3,0,1000
75,Asus,Gaming,8,2.2,50562.72,Nvidia,141.21200170272436,0,0,Intel Core i7,0,1000
76,Lenovo,Notebook,8,2.2,27652.32,Intel,141.21200170272436,0,0,Intel Core i5,0,2000
77,Dell,Notebook,8,2.02,45554.4,Intel,141.21200170272436,0,0,Intel Core i7,128,1000
78,Acer,Notebook,4,2.2,28238.4,Nvidia,141.21200170272436,0,0,Intel Core i3,0,1000
79,HP,Notebook,8,2.5,52054.56,Nvidia,127.33567783598265,0,0,Intel Core i5,128,1000
80,Dell,Ultrabook,8,1.88,58403.4048,Intel,141.21200170272436,0,1,Intel Core i5,256,0
82,HP,Notebook,8,1.63,45820.8,Intel,157.35051618303572,0,0,Intel Core i5,256,0
83,Lenovo,Notebook,4,2.2,21258.72,AMD,141.21200170272436,0,0,AMD Processor,128,0
84,Acer,Notebook,4,2.1,21045.6,AMD,100.45467278896234,0,0,AMD Processor,0,1000
85,Dell,Gaming,16,2.65,71874.72,Nvidia,141.21200170272436,0,1,Intel Core i7,128,1000
86,HP,Ultrabook,8,1.83,37242.72,Nvidia,141.21200170272436,0,1,Intel Core i7,256,0
87,HP,Notebook,8,1.96,31914.1872,Intel,141.21200170272436,0,0,Intel Core i5,256,0
88,Asus,Gaming,16,2.2,77202.72,Nvidia,141.21200170272436,0,1,Intel Core i7,128,1000
89,Dell,Ultrabook,8,1.21,87858.72,Intel,165.6321222979323,0,1,Intel Core i7,256,0
90,Asus,Gaming,8,2.45,37242.72,AMD,141.21200170272436,0,0,AMD Processor,0,1000
91,Acer,Notebook,8,2.2,36709.92,Nvidia,141.21200170272436,0,0,Intel Core i7,0,1000
92,HP,Notebook,16,1.49,63776.16,Intel,165.6321222979323,0,0,Intel Core i7,512,0
93,Dell,Gaming,8,2.65,63669.6,Nvidia,141.21200170272436,0,0,Intel Core i5,256,0
94,Asus,Ultrabook,8,1.25,55890.72,Intel,157.35051618303572,0,0,Intel Core i7,256,0
95,Acer,2 in 1 Convertible,8,1.5,45128.16,Intel,165.6321222979323,1,1,Intel Core i5,256,0
96,Dell,Notebook,8,2.2,31962.672,AMD,141.21200170272436,0,0,Intel Core i7,0,1000
97,Dell,Notebook,4,2.2,25840.8,AMD,141.21200170272436,0,0,Intel Core i3,256,0
98,Asus,Notebook,6,2.0,30742.56,Nvidia,141.21200170272436,0,0,Intel Core i3,256,0
99,HP,Gaming,12,2.62,66546.72,Nvidia,141.21200170272436,0,1,Intel Core i7,128,1000
100,HP,Notebook,8,1.91,38308.32,AMD,141.21200170272436,0,0,Intel Core i7,256,0
101,HP,Notebook,4,2.1,18594.72,AMD,141.21200170272436,0,0,AMD Processor,0,500
102,Dell,Notebook,8,2.2,34472.16,AMD,141.21200170272436,0,0,Intel Core i5,0,1000
103,HP,Ultrabook,8,1.38,59620.32,Nvidia,165.6321222979323,0,1,Intel Core i7,256,0
105,HP,Notebook,6,1.58,35111.52,Nvidia,157.35051618303572,0,1,Intel Core i5,256,0
106,Lenovo,Notebook,4,1.85,22105.872,Intel,141.21200170272436,0,0,Intel Core i3,0,1000
107,Asus,Ultrabook,8,1.3,63563.04,Nvidia,157.35051618303572,0,1,Intel Core i7,256,0
109,Lenovo,Notebook,8,1.58,78854.4,Intel,157.35051618303572,0,1,Intel Core i7,256,0
110,Asus,Ultrabook,16,1.5,67239.36,Nvidia,141.21200170272436,0,0,Intel Core i7,256,1000
111,Dell,Ultrabook,8,1.23,73473.12,Intel,276.05353104440786,1,0,Intel Core i7,256,0
112,Lenovo,2 in 1 Convertible,8,1.37,74538.72,Intel,165.6321222979323,1,1,Intel Core i5,256,0
113,HP,Notebook,4,1.63,38468.16,Intel,111.93520682198661,0,1,Intel Core i5,0,500
114,Dell,Ultrabook,8,1.21,86793.12,Intel,165.6321222979323,0,1,Intel Core i5,256,0
115,HP,2 in 1 Convertible,8,1.26,74538.1872,Intel,165.6321222979323,1,1,Intel Core i5,256,0
116,HP,Notebook,8,1.63,57755.52,Intel,157.35051618303572,0,0,Intel Core i7,512,0
117,Dell,Notebook,8,2.16,60223.98239999999,Nvidia,141.21200170272436,0,1,Intel Core i7,256,1000
118,Asus,Notebook,4,2.0,30049.92,Nvidia,127.33567783598265,0,0,Intel Core i3,0,1000
119,Asus,Notebook,8,1.7,59567.04,Nvidia,141.21200170272436,0,0,Intel Core i7,256,0
120,Acer,Notebook,6,2.1,25521.12,Intel,141.21200170272436,1,1,Intel Core i3,0,1000
122,Lenovo,Notebook,8,2.2,33513.119999999995,Nvidia,141.21200170272436,0,0,Intel Core i5,256,0
123,HP,Notebook,16,2.5,67718.88,Nvidia,127.33567783598265,0,0,Intel Core i7,512,0
124,Acer,Notebook,4,2.1,24029.28,AMD,100.45467278896234,0,0,AMD Processor,256,0
125,HP,Notebook,4,1.86,13799.52,Intel,100.45467278896234,0,0,Other Intel Processor,0,500
126,HP,Notebook,8,1.63,43263.36,Intel,157.35051618303572,0,0,Intel Core i5,0,1000
127,Asus,Notebook,4,1.65,14811.3072,AMD,111.93520682198661,0,0,AMD Processor,64,0
128,Dell,Notebook,16,2.8,74378.87999999999,AMD,127.33567783598265,0,0,Intel Core i7,256,2000
129,HP,Notebook,8,2.5,49443.84,Intel,127.33567783598265,0,0,Intel Core i5,256,0
130,Dell,Notebook,8,2.36,34045.3872,AMD,100.45467278896234,0,0,Intel Core i5,0,1000
131,Dell,Notebook,4,2.2,23922.72,AMD,141.21200170272436,0,0,Intel Core i3,0,1000
132,Acer,Ultrabook,8,1.6,47099.52,Intel,157.35051618303572,0,1,Intel Core i7,256,0
133,Acer,Notebook,4,2.2,30476.16,Nvidia,141.21200170272436,0,0,Intel Core i3,256,0
134,HP,Notebook,8,2.05,31861.44,Intel,100.45467278896234,0,0,Intel Core i7,0,1000
135,HP,Notebook,8,1.63,52640.64,Intel,157.35051618303572,0,0,Intel Core i7,256,0
136,Lenovo,Notebook,4,1.9,13445.7408,Intel,100.45467278896234,0,0,Other Intel Processor,0,1000
137,Asus,Gaming,8,3.0,49976.64,Nvidia,127.33567783598265,0,0,Intel Core i5,128,1000
138,Lenovo,Notebook,4,2.2,26586.72,Nvidia,141.21200170272436,0,0,Intel Core i5,0,1000
139,HP,Notebook,4,1.32,37242.72,Intel,165.6321222979323,0,1,Intel Core i5,256,0
140,Acer,Notebook,4,3.0,34898.4,Nvidia,127.33567783598265,0,1,Intel Core i3,0,1000
141,Lenovo,Notebook,8,1.75,59461.5456,AMD,157.35051618303572,0,1,Intel Core i5,256,0
142,Lenovo,Gaming,8,2.4,46300.32,Nvidia,141.21200170272436,0,1,Intel Core i7,256,0
144,HP,Notebook,4,1.86,19660.32,AMD,100.45467278896234,0,0,AMD Processor,256,0
145,Asus,Ultrabook,8,1.25,58554.72,Intel,157.35051618303572,0,0,Intel Core i7,256,0
146,HP,Ultrabook,8,0.97,107305.92,Intel,352.46515625,1,1,Other Intel Processor,512,0
147,Asus,Notebook,4,2.0,18328.32,Intel,141.21200170272436,0,0,Other Intel Processor,0,1000
149,Acer,Notebook,4,2.1,23816.16,Intel,100.45467278896234,0,0,Intel Core i3,0,1000
150,Dell,Gaming,16,2.56,66560.5728,Nvidia,141.21200170272436,0,0,Intel Core i7,512,0
151,Dell,Gaming,8,2.62,47898.72,Nvidia,141.21200170272436,0,0,Intel Core i7,0,0
152,Lenovo,Notebook,4,1.9,26533.44,Intel,100.45467278896234,0,0,Intel Core i5,128,0
154,HP,Ultrabook,4,1.48,57648.96,Intel,157.35051618303572,0,0,Intel Core i5,256,0
155,HP,Notebook,6,1.91,32980.32,AMD,141.21200170272436,0,0,Intel Core i5,256,0
156,Lenovo,2 in 1 Convertible,4,1.74,33513.119999999995,Intel,157.35051618303572,1,1,Intel Core i3,256,0
157,Asus,2 in 1 Convertible,8,1.1,70063.2,Intel,165.6321222979323,1,0,Intel Core i5,256,0
158,Dell,2 in 1 Convertible,8,1.56,55890.72,Intel,141.21200170272436,1,0,Intel Core i7,256,0
160,Asus,Notebook,4,2.03,21471.84,AMD,100.45467278896234,0,0,AMD Processor,0,1000
161,Acer,Notebook,4,3.0,42890.4,Nvidia,127.33567783598265,0,1,Intel Core i5,256,0
162,Dell,Notebook,8,2.13,38787.84,AMD,141.21200170272436,0,0,Intel Core i5,256,0
163,Lenovo,Gaming,16,2.5,57489.12,Nvidia,141.21200170272436,0,1,Intel Core i7,256,0
164,Acer,Notebook,4,2.1,18541.44,Intel,100.45467278896234,0,0,Other Intel Processor,0,1000
166,Acer,Notebook,4,2.1,19367.8128,Intel,100.45467278896234,0,0,Other Intel Processor,0,1000
167,Dell,Gaming,8,2.56,56502.9072,Nvidia,141.21200170272436,0,0,Intel Core i7,128,1000
168,Acer,Notebook,8,3.0,45501.12,Nvidia,127.33567783598265,0,1,Intel Core i5,256,0
169,HP,Notebook,4,1.49,40173.12,Intel,165.6321222979323,0,1,Intel Core i5,0,500
171,HP,Notebook,6,2.71,37242.72,AMD,127.33567783598265,0,1,Intel Core i5,0,2000
172,Lenovo,Notebook,4,2.2,16463.52,AMD,100.45467278896234,0,0,AMD Processor,0,500
174,HP,Notebook,8,2.5,49177.44,Nvidia,127.33567783598265,0,0,Intel Core i5,256,0
175,Dell,Notebook,8,2.3,24455.52,Intel,100.45467278896234,0,0,Intel Core i3,0,1000
176,Acer,Notebook,4,2.1,23922.72,Intel,100.45467278896234,0,0,Intel Core i3,128,0
178,Lenovo,Notebook,8,1.9,43316.64,AMD,141.21200170272436,0,0,Intel Core i5,128,1000
179,HP,2 in 1 Convertible,8,1.29,79866.72,Intel,331.2642445958646,1,1,Intel Core i5,256,0
180,Dell,Notebook,16,2.02,55890.72,AMD,141.21200170272436,0,0,Intel Core i7,256,2000
181,Dell,Ultrabook,8,1.23,74538.72,Intel,165.6321222979323,0,0,Intel Core i5,256,0
182,Lenovo,2 in 1 Convertible,16,1.4,98514.72,Intel,316.9650685701439,1,1,Intel Core i7,512,0
185,Dell,Notebook,16,2.77,82530.72,Nvidia,127.33567783598265,1,0,Intel Core i7,512,0
186,Dell,Notebook,16,2.06,127712.16,Nvidia,282.42400340544873,1,0,Intel Core i7,512,0
187,Lenovo,Gaming,8,2.4,41505.12,Nvidia,141.21200170272436,0,1,Intel Core i5,256,0
188,Acer,Ultrabook,8,1.12,52693.92,Intel,165.6321222979323,0,1,Intel Core i5,256,0
189,Dell,Notebook,8,2.8,57808.8,AMD,127.33567783598265,0,0,Intel Core i7,128,1000
190,Lenovo,2 in 1 Convertible,16,1.42,150462.72,Intel,209.80067661830358,1,0,Intel Core i7,1000,0
193,Lenovo,Notebook,8,2.8,37189.44,Nvidia,106.11306251128974,0,0,Intel Core i5,256,0
194,Dell,2 in 1 Convertible,8,1.62,44701.92,Intel,165.6321222979323,1,1,Intel Core i7,0,1000
195,HP,Notebook,8,2.5,48697.92,Nvidia,127.33567783598265,0,1,Intel Core i5,0,1000
197,HP,Notebook,8,1.49,51095.52,Intel,165.6321222979323,0,0,Intel Core i5,512,0
198,HP,Gaming,16,3.35,73473.12,Nvidia,127.33567783598265,0,1,Intel Core i7,256,1000
199,HP,Notebook,8,2.5,55677.6,Nvidia,127.33567783598265,0,0,Intel Core i7,256,0
200,Dell,Gaming,16,2.65,98301.6,Nvidia,282.42400340544873,0,1,Intel Core i7,512,1000
201,Lenovo,Notebook,4,2.1,26267.04,Intel,100.45467278896234,0,0,Intel Core i5,128,0
202,Acer,Notebook,8,2.23,39533.76,Nvidia,141.21200170272436,0,0,Intel Core i7,0,1000
203,Lenovo,Gaming,16,3.2,93186.72,Nvidia,141.21200170272436,0,1,Intel Core i7,512,1000
204,Dell,Workstation,16,2.8,162770.4,Nvidia,282.42400340544873,0,0,Other Intel Processor,256,1000
205,Lenovo,Gaming,16,2.4,74485.44,Nvidia,141.21200170272436,0,0,Intel Core i7,512,0
206,Dell,Notebook,6,2.3,23389.92,Intel,100.45467278896234,1,0,Intel Core i3,0,1000
207,Dell,Ultrabook,8,1.21,103842.72,Intel,331.2642445958646,1,1,Intel Core i7,256,0
208,Dell,Ultrabook,8,1.2,77202.72,Intel,165.6321222979323,0,0,Intel Core i7,256,0
209,Lenovo,Notebook,8,2.2,31808.16,Intel,100.45467278896234,0,0,Intel Core i5,256,0
210,Acer,Notebook,8,2.4,41505.12,Nvidia,141.21200170272436,0,0,Intel Core i7,0,1000
211,Asus,Gaming,16,2.9,74964.95999999999,Nvidia,127.33567783598265,0,0,Intel Core i7,256,1000
212,HP,Notebook,4,2.1,18594.72,Intel,141.21200170272436,0,0,Intel Core i3,0,500
213,Lenovo,Notebook,8,2.2,29250.72,Intel,141.21200170272436,0,0,Intel Core i5,256,0
215,Dell,Ultrabook,8,1.4,49650.5664,AMD,165.6321222979323,0,1,Intel Core i7,256,0
216,Lenovo,Notebook,8,2.8,31381.92,Nvidia,106.11306251128974,0,0,Intel Core i5,0,1000
217,HP,Notebook,8,1.63,54931.68,Nvidia,157.35051618303572,0,0,Intel Core i7,256,0
218,Dell,Ultrabook,8,1.6,61218.72,Intel,157.35051618303572,0,0,Intel Core i5,256,0
219,Dell,2 in 1 Convertible,16,1.62,68145.12,Intel,165.6321222979323,1,0,Intel Core i7,512,0
220,Dell,Notebook,8,2.2,36089.208,AMD,141.21200170272436,0,0,Intel Core i5,256,0
221,Lenovo,2 in 1 Convertible,8,1.74,47898.72,Intel,157.35051618303572,0,1,Intel Core i5,256,0
223,HP,Notebook,8,2.1,42304.32,Intel,141.21200170272436,0,0,Intel Core i5,0,1000
224,Dell,Gaming,16,4.42,130873.7952,Nvidia,127.33567783598265,0,1,Intel Core i7,256,1000
225,Acer,Notebook,8,2.2,44328.96,Nvidia,141.21200170272436,0,0,Intel Core i7,256,0
226,Dell,Notebook,16,2.3,45768.0528,AMD,141.21200170272436,1,0,Intel Core i7,0,1000
227,Asus,Notebook,8,2.0,40972.32,Nvidia,141.21200170272436,0,0,Intel Core i5,256,0
228,Asus,Notebook,8,2.69,47472.48,Nvidia,127.33567783598265,0,0,Intel Core i5,256,500
229,HP,Notebook,8,1.9,67612.31999999999,AMD,141.21200170272436,0,0,Intel Core i7,0,1000
230,Asus,Notebook,4,2.37,21258.1872,Intel,100.45467278896234,0,0,Intel Core i3,0,1000
231,HP,Notebook,4,2.1,17582.399999999998,AMD,100.45467278896234,0,0,AMD Processor,0,500
232,Lenovo,Gaming,16,3.2,79866.72,Nvidia,141.21200170272436,0,1,Intel Core i7,256,1000
233,Dell,Notebook,8,1.6,45767.52,Intel,157.35051618303572,0,0,Intel Core i5,256,0
234,Acer,2 in 1 Convertible,8,1.6,36709.92,Intel,165.6321222979323,1,1,Intel Core i5,256,0
235,Dell,Notebook,16,2.36,47898.72,AMD,141.21200170272436,0,0,Intel Core i7,256,0
236,Acer,Notebook,4,2.1,20779.2,Intel,100.45467278896234,0,0,Intel Core i3,0,1000
237,Asus,Notebook,4,2.2,30636.0,AMD,141.21200170272436,0,0,AMD Processor,128,1000
238,Asus,Gaming,32,4.7,207259.2,Nvidia,127.33567783598265,0,0,Intel Core i7,512,1000
239,Acer,Gaming,8,2.5,45074.88,Nvidia,141.21200170272436,0,1,Intel Core i5,256,0
240,Lenovo,Notebook,8,2.2,31381.92,Intel,100.45467278896234,0,0,Intel Core i3,128,0
241,Asus,Notebook,8,2.1,61005.6,Nvidia,127.33567783598265,0,0,Intel Core i7,128,1000
242,Asus,Notebook,8,2.69,47365.92,Nvidia,127.33567783598265,0,0,Intel Core i7,128,1000
243,Dell,Gaming,8,2.56,46833.12,Nvidia,141.21200170272436,0,0,Intel Core i5,256,0
244,Lenovo,2 in 1 Convertible,8,1.38,57489.12,Intel,158.48253428507195,1,1,Intel Core i7,256,0
245,Dell,Notebook,8,2.2,52480.8,AMD,141.21200170272436,0,0,Intel Core i7,128,2000
246,HP,Notebook,8,2.04,29783.52,Intel,100.45467278896234,1,0,Intel Core i5,0,1000
247,Asus,Gaming,16,3.6,159786.72,Nvidia,127.33567783598265,0,0,Intel Core i7,256,0
248,HP,Notebook,4,1.49,35964.0,Intel,165.6321222979323,0,1,Intel Core i5,0,500
250,Dell,2 in 1 Convertible,8,2.08,43636.32,Intel,141.21200170272436,1,1,Intel Core i7,0,1000
251,Asus,Gaming,16,4.3,95850.72,Nvidia,127.33567783598265,0,0,Intel Core i7,256,1000
252,Asus,Notebook,4,1.68,24988.32,AMD,100.45467278896234,0,0,AMD Processor,0,1000
253,Lenovo,2 in 1 Convertible,8,1.37,98514.72,Intel,158.48253428507195,1,1,Intel Core i7,512,0
254,Acer,Notebook,4,3.0,37402.56,Nvidia,127.33567783598265,0,1,Intel Core i3,256,0
255,Dell,Ultrabook,8,1.41,50562.72,Intel,165.6321222979323,0,0,Intel Core i5,256,0
256,HP,Notebook,8,1.91,23757.552,AMD,100.45467278896234,0,0,AMD Processor,128,0
257,HP,Notebook,16,2.9,56423.52,Nvidia,127.33567783598265,0,1,Intel Core i7,0,1000
259,Lenovo,2 in 1 Convertible,8,2.0,90522.72,Nvidia,141.21200170272436,1,1,Intel Core i7,512,0
260,Dell,Notebook,8,2.8,60845.76,AMD,127.33567783598265,0,0,Intel Core i7,128,1000
261,Lenovo,Notebook,4,2.2,23656.32,Intel,141.21200170272436,0,0,Intel Core i3,256,0
262,HP,Notebook,4,2.1,38468.16,Intel,141.21200170272436,0,1,Intel Core i5,0,500
263,Dell,Notebook,4,2.18,35004.96,Intel,141.21200170272436,0,0,Intel Core i5,0,1000
264,Dell,Notebook,8,2.24,30103.2,AMD,141.21200170272436,0,0,Intel Core i5,0,1000
265,Dell,2 in 1 Convertible,8,2.67,42570.72,Intel,141.21200170272436,1,0,Intel Core i5,256,0
266,Asus,2 in 1 Convertible,8,1.1,79866.72,Intel,165.6321222979323,1,0,Intel Core i7,1024,0
267,Lenovo,Notebook,4,2.2,24881.76,Intel,141.21200170272436,0,0,Intel Core i5,0,1000
268,HP,Notebook,8,2.5,54239.04,Nvidia,127.33567783598265,0,0,Intel Core i7,0,1000
269,Lenovo,Notebook,8,2.05,46886.4,Intel,141.21200170272436,0,0,Intel Core i7,256,0
271,Asus,Gaming,16,3.2,82530.72,AMD,127.33567783598265,0,0,AMD Processor,256,1000
272,Dell,Notebook,8,2.14,39164.5296,AMD,141.21200170272436,0,0,Intel Core i7,256,0
273,Lenovo,2 in 1 Convertible,16,1.36,133146.72,Intel,209.80067661830358,1,0,Intel Core i7,512,0
275,Dell,Notebook,12,2.3,37992.3696,Intel,100.45467278896234,0,0,Intel Core i7,0,1000
276,Dell,Notebook,8,2.8,58554.72,AMD,127.33567783598265,0,0,Intel Core i7,128,1000
277,Acer,Notebook,8,2.2,39693.6,Nvidia,141.21200170272436,0,1,Intel Core i7,0,1000
278,Lenovo,Notebook,4,2.8,26053.92,Intel,106.11306251128974,0,0,Intel Core i3,0,1000
279,Lenovo,Notebook,8,2.8,45234.72,Nvidia,127.33567783598265,0,0,Intel Core i7,0,2000
280,Lenovo,Notebook,6,2.8,45767.52,Nvidia,106.11306251128974,0,0,Intel Core i7,128,1000
281,Dell,Notebook,4,2.25,22803.84,AMD,141.21200170272436,0,0,Intel Core i3,0,1000
282,Lenovo,Gaming,8,2.5,44169.12,Nvidia,141.21200170272436,0,1,Intel Core i5,256,0
283,Lenovo,Notebook,6,2.2,30849.12,Intel,141.21200170272436,0,0,Intel Core i5,256,0
284,Acer,Notebook,8,3.0,50669.28,Nvidia,141.21200170272436,0,1,Intel Core i7,256,0
285,Acer,Notebook,12,2.15,35111.52,Intel,141.21200170272436,1,1,Intel Core i7,0,1000
286,Lenovo,Notebook,8,1.95,58448.16,Intel,141.21200170272436,0,1,Intel Core i7,256,0
287,Asus,Ultrabook,8,1.7,52054.56,Nvidia,141.21200170272436,0,0,Intel Core i5,256,0
288,Lenovo,Gaming,16,2.5,62817.12,Nvidia,141.21200170272436,0,1,Intel Core i7,256,1000
289,Lenovo,Notebook,8,2.2,35112.0528,Nvidia,141.21200170272436,0,0,Intel Core i7,0,1000
290,Acer,Notebook,2,2.19,10602.72,Intel,100.45467278896234,0,0,Other Intel Processor,16,0
291,Asus,Gaming,8,3.0,63243.36,Nvidia,127.33567783598265,0,0,Intel Core i7,0,1000
292,HP,Notebook,8,2.54,26053.92,Intel,106.11306251128974,0,0,Intel Core i3,0,1000
293,Dell,Notebook,8,2.0,97449.12,Nvidia,141.21200170272436,0,0,Intel Core i7,256,0
294,Lenovo,Notebook,8,2.05,39373.92,Intel,141.21200170272436,0,0,Intel Core i5,256,0
295,Lenovo,Gaming,8,3.2,69210.72,Nvidia,141.21200170272436,0,1,Intel Core i7,0,1000
296,Acer,Notebook,8,2.5,52161.12,Nvidia,141.21200170272436,0,0,Intel Core i7,256,0
297,Dell,Workstation,16,3.42,153705.3408,Nvidia,127.33567783598265,0,0,Intel Core i7,256,0
298,Lenovo,Notebook,6,2.4,26586.72,AMD,141.21200170272436,0,0,AMD Processor,0,1000
299,Asus,Ultrabook,16,1.63,78215.04,Nvidia,141.21200170272436,0,0,Intel Core i7,512,0
300,Asus,Notebook,4,1.3,27119.52,Intel,111.93520682198661,0,0,Intel Core i3,128,0
301,Asus,Gaming,16,2.9,113060.16,Nvidia,127.33567783598265,0,0,Intel Core i7,256,1000
302,Lenovo,Notebook,6,2.8,34578.72,Nvidia,106.11306251128974,0,0,Intel Core i5,0,1000
303,Lenovo,Notebook,8,2.2,29250.72,Nvidia,100.45467278896234,0,0,Intel Core i5,0,2000
304,Asus,Gaming,8,2.5,67399.2,Nvidia,141.21200170272436,0,0,Intel Core i7,128,1000
305,Lenovo,Notebook,4,2.2,19180.2672,Intel,100.45467278896234,0,0,Other Intel Processor,0,1000
306,HP,2 in 1 Convertible,16,1.28,105228.0,Intel,165.6321222979323,1,0,Intel Core i7,256,0
308,Lenovo,Notebook,8,2.3,43636.32,Nvidia,141.21200170272436,0,0,Intel Core i5,128,1000
309,HP,Notebook,4,1.86,24988.32,Intel,141.21200170272436,0,0,Intel Core i3,0,1000
310,Lenovo,Notebook,8,1.1,53226.72,Intel,165.6321222979323,0,1,Intel Core i5,256,0
311,Dell,Ultrabook,16,1.21,133146.72,Intel,331.2642445958646,1,1,Intel Core i7,1000,0
313,Acer,Notebook,8,2.23,24988.32,AMD,141.21200170272436,0,0,AMD Processor,256,0
314,Asus,2 in 1 Convertible,2,1.1,14652.0,Intel,135.09421512998384,1,0,Other Intel Processor,0,0
315,Dell,Notebook,8,2.33,44968.32,AMD,141.21200170272436,0,0,Intel Core i5,128,1000
316,HP,2 in 1 Convertible,16,1.29,130482.72,Intel,331.2642445958646,1,1,Intel Core i7,1000,0
317,Lenovo,Notebook,4,1.45,24503.472,Intel,117.826533496828,0,0,Other Intel Processor,0,0
318,HP,Notebook,8,1.95,52214.4,Intel,157.35051618303572,0,0,Intel Core i5,256,0
319,Acer,Notebook,4,1.4,25840.8,Intel,135.09421512998384,0,0,Other Intel Processor,0,0
320,HP,Notebook,8,1.48,68837.76,Intel,157.35051618303572,0,0,Intel Core i7,256,0
321,Lenovo,Notebook,4,2.79,31381.92,Nvidia,106.11306251128974,0,0,Intel Core i5,0,1000
322,Asus,Notebook,8,2.0,58288.32,Intel,157.35051618303572,0,0,Intel Core i7,256,0
323,HP,Notebook,8,2.1,48058.56,Intel,100.45467278896234,0,1,Intel Core i7,0,1000
324,Acer,Notebook,8,2.2,35111.52,AMD,100.45467278896234,0,0,AMD Processor,256,0
325,Lenovo,Notebook,4,1.44,15557.76,Intel,111.93520682198661,0,0,Other Intel Processor,0,0
326,Acer,Notebook,6,2.23,29250.72,Intel,100.45467278896234,0,0,Intel Core i5,0,1000
327,Asus,Ultrabook,8,1.7,55938.672,Nvidia,141.21200170272436,0,0,Intel Core i7,256,0
328,HP,Ultrabook,8,1.26,71128.8,Intel,176.232578125,0,0,Intel Core i7,256,0
329,Dell,Notebook,32,2.06,140605.91999999998,Nvidia,282.42400340544873,1,0,Intel Core i7,1000,0
332,Asus,Notebook,8,2.0,71075.52,Intel,157.35051618303572,0,0,Intel Core i7,256,1000
333,Lenovo,Notebook,4,1.85,23922.72,Intel,141.21200170272436,0,0,Intel Core i3,0,1000
334,Asus,Gaming,8,2.5,53226.72,Nvidia,141.21200170272436,0,0,Intel Core i7,256,0
335,HP,Notebook,8,1.48,67559.04,Intel,157.35051618303572,0,0,Intel Core i5,256,0
336,Dell,Ultrabook,8,1.9,55890.72,Nvidia,141.21200170272436,0,1,Intel Core i5,128,1000
337,HP,Notebook,8,1.84,60952.32,Intel,141.21200170272436,0,0,Intel Core i5,256,0
338,Asus,Notebook,4,2.0,14651.4672,Intel,100.45467278896234,0,0,Other Intel Processor,0,1000
339,Dell,Notebook,8,2.0,60885.72,Nvidia,141.21200170272436,0,0,Intel Core i5,256,0
340,Dell,Notebook,4,2.2,14646.672,Intel,100.45467278896234,0,0,Other Intel Processor,0,500
341,Lenovo,Notebook,12,2.2,47898.72,AMD,141.21200170272436,0,0,AMD Processor,0,2000
342,HP,Notebook,8,2.1,38148.48,Nvidia,141.21200170272436,0,1,Intel Core i3,0,1000
343,Lenovo,2 in 1 Convertible,16,1.4,111834.72,Intel,316.9650685701439,1,1,Intel Core i7,512,0
344,Dell,Ultrabook,8,1.2,84129.12,Intel,165.6321222979323,0,0,Intel Core i7,256,0
345,Lenovo,Gaming,16,2.4,60153.12,Nvidia,141.21200170272436,0,1,Intel Core i7,256,2000
346,HP,Notebook,2,1.44,14865.12,Intel,111.93520682198661,0,0,Other Intel Processor,0,0
347,Dell,Ultrabook,16,1.88,85672.1088,Intel,141.21200170272436,0,0,Intel Core i7,768,0
348,Asus,2 in 1 Convertible,4,1.5,19980.0,Intel,135.09421512998384,1,0,Other Intel Processor,0,0
349,Dell,Ultrabook,8,1.9,35324.64,AMD,141.21200170272436,0,0,Intel Core i5,0,1000
350,Dell,Notebook,16,2.06,108020.9376,Nvidia,282.42400340544873,1,0,Intel Core i7,512,0
351,HP,Notebook,8,1.84,69477.12,Intel,141.21200170272436,0,0,Intel Core i7,256,0
353,HP,Workstation,8,2.6,92615.0256,Nvidia,141.21200170272436,0,0,Intel Core i7,256,0
355,Dell,Notebook,8,2.02,51729.55199999999,AMD,141.21200170272436,0,0,Intel Core i7,128,2000
356,Lenovo,Notebook,4,2.2,17155.627200000003,Intel,100.45467278896234,0,0,Other Intel Processor,0,1000
357,Dell,Gaming,8,2.65,53226.72,Nvidia,141.21200170272436,0,0,Intel Core i5,0,1000
358,Dell,Notebook,8,2.36,29696.6736,Intel,100.45467278896234,1,0,Intel Core i5,0,2000
359,Dell,Notebook,8,1.36,76030.56,Intel,157.35051618303572,0,0,Intel Core i5,256,0
360,HP,Notebook,4,1.86,23389.92,Intel,100.45467278896234,0,0,Intel Core i3,0,500
361,Asus,Notebook,8,2.0,50349.6,Intel,157.35051618303572,0,0,Intel Core i5,256,0
362,Lenovo,Notebook,6,2.8,38308.32,Nvidia,106.11306251128974,0,0,Intel Core i5,128,1000
363,HP,Notebook,8,1.86,34045.92,Intel,141.21200170272436,0,0,Intel Core i5,0,1000
364,Lenovo,Notebook,8,2.2,26586.72,Nvidia,100.45467278896234,0,0,Intel Core i3,256,0
365,HP,Notebook,8,2.04,20725.92,Intel,100.45467278896234,0,0,Other Intel Processor,0,2000
366,Dell,Notebook,8,2.8,57808.8,AMD,127.33567783598265,0,0,Intel Core i5,128,1000
367,Lenovo,Gaming,8,2.4,43103.52,Nvidia,141.21200170272436,0,1,Intel Core i5,128,1000
368,Dell,Notebook,8,2.33,47898.72,AMD,141.21200170272436,0,0,Intel Core i7,256,0
369,HP,Ultrabook,8,1.36,93240.0,Intel,157.35051618303572,0,1,Intel Core i7,256,0
370,Asus,2 in 1 Convertible,12,2.26,58554.72,Nvidia,141.21200170272436,1,0,Intel Core i7,512,2000
371,Acer,Notebook,4,2.1,22697.28,AMD,100.45467278896234,0,0,AMD Processor,128,0
372,Asus,Gaming,16,3.25,117162.72,AMD,127.33567783598265,0,1,AMD Processor,256,1000
373,Lenovo,Notebook,4,2.6,26053.92,AMD,106.11306251128974,0,0,AMD Processor,128,0
374,Dell,2 in 1 Convertible,8,1.62,46300.85279999999,Intel,165.6321222979323,1,0,Intel Core i7,256,0
375,HP,Notebook,4,1.91,26053.3872,AMD,141.21200170272436,0,0,AMD Processor,256,0
376,Lenovo,Netbook,4,1.59,29463.84,Intel,135.09421512998384,0,1,Other Intel Processor,128,0
377,Dell,Notebook,4,1.8,16463.52,Intel,100.45467278896234,0,0,Other Intel Processor,0,500
378,Asus,Notebook,4,1.5,15238.08,Intel,111.93520682198661,0,0,Other Intel Processor,0,0
379,Acer,Notebook,8,2.4,45074.88,Nvidia,141.21200170272436,0,0,Intel Core i7,0,1000
380,HP,Gaming,8,3.35,63456.48,Nvidia,127.33567783598265,0,1,Intel Core i7,128,1000
381,Lenovo,Notebook,4,1.85,21498.48,Intel,141.21200170272436,0,0,Intel Core i3,128,0
382,Asus,Gaming,8,2.3,88178.4,Nvidia,141.21200170272436,0,1,Intel Core i7,128,1000
383,Lenovo,Notebook,8,1.5,58554.72,Nvidia,157.35051618303572,0,1,Intel Core i5,256,0
384,Asus,Ultrabook,16,1.1,93181.392,Intel,165.6321222979323,1,0,Intel Core i7,512,0
385,Lenovo,Ultrabook,8,1.13,121584.96,Intel,209.80067661830358,0,1,Intel Core i7,512,0
386,Lenovo,Notebook,4,1.5,29250.72,Intel,165.6321222979323,0,1,Intel Core i3,128,0
387,Dell,Workstation,8,2.23,72940.31999999999,AMD,141.21200170272436,0,0,Intel Core i5,0,500
388,Dell,Workstation,8,2.0,113752.8,Nvidia,141.21200170272436,0,1,Intel Core i7,256,0
389,Lenovo,2 in 1 Convertible,16,1.42,133679.52,Intel,209.80067661830358,1,0,Intel Core i7,512,0
390,Asus,Gaming,8,3.0,55357.92,Nvidia,127.33567783598265,0,0,Intel Core i7,0,1000
391,Asus,Gaming,16,3.0,84768.48,Nvidia,127.33567783598265,0,0,Intel Core i7,256,1000
392,Acer,Notebook,12,2.2,36975.7872,Nvidia,100.45467278896234,0,1,Intel Core i5,0,1000
394,Dell,Notebook,8,2.33,41498.1936,AMD,141.21200170272436,0,0,Intel Core i7,256,0
395,HP,Ultrabook,4,1.91,26586.72,AMD,141.21200170272436,0,0,AMD Processor,256,0
396,Lenovo,Notebook,8,2.1,65510.9568,AMD,141.21200170272436,0,1,Intel Core i7,256,0
397,Lenovo,Notebook,8,1.9,49976.64,Intel,157.35051618303572,0,1,Intel Core i5,256,0
398,Dell,Workstation,8,1.78,144495.36,Nvidia,282.42400340544873,1,0,Intel Core i7,256,0
399,Lenovo,Ultrabook,16,1.13,139860.0,Intel,209.80067661830358,0,1,Intel Core i7,1000,0
400,Lenovo,Notebook,4,2.2,16303.68,Intel,100.45467278896234,0,0,Other Intel Processor,0,1000
401,Asus,Gaming,16,2.9,81465.12,Nvidia,127.33567783598265,0,0,Intel Core i7,256,1000
402,Lenovo,Notebook,8,2.1,60978.96,AMD,141.21200170272436,0,1,Intel Core i5,256,1000
403,Acer,Notebook,8,2.5,46833.12,Nvidia,141.21200170272436,0,0,Intel Core i7,256,0
405,Asus,Ultrabook,8,1.1,99793.44,Intel,157.35051618303572,0,0,Intel Core i7,512,0
407,Dell,Ultrabook,8,1.36,89510.4,Intel,157.35051618303572,0,0,Intel Core i7,512,0
408,Lenovo,Notebook,4,2.2,21791.52,Intel,141.21200170272436,0,0,Intel Core i3,0,500
409,Lenovo,Notebook,2,1.15,16221.096,Intel,135.09421512998384,0,0,Other Intel Processor,0,0
410,Lenovo,Workstation,8,2.67,102564.0,Nvidia,141.21200170272436,0,0,Intel Core i7,512,0
411,Lenovo,Ultrabook,8,1.7,103523.04,Nvidia,209.80067661830358,0,1,Intel Core i7,512,0
412,HP,Notebook,4,2.1,24988.32,AMD,141.21200170272436,0,0,Intel Core i3,0,1000
413,Acer,2 in 1 Convertible,8,1.6,42038.4528,Intel,165.6321222979323,1,1,Intel Core i7,256,0
414,Asus,2 in 1 Convertible,8,1.27,49443.84,Intel,165.6321222979323,1,1,Intel Core i5,256,0
415,Dell,Notebook,4,2.3,31909.392,AMD,141.21200170272436,0,0,Intel Core i5,256,0
416,Dell,Notebook,4,1.65,36709.92,Intel,117.826533496828,0,0,Intel Core i3,128,0
417,HP,Ultrabook,8,1.43,79920.0,Intel,157.35051618303572,0,0,Intel Core i7,256,0
418,Dell,Notebook,8,2.14,28768.536,Intel,100.45467278896234,0,0,Intel Core i5,0,1000
419,Lenovo,Ultrabook,8,1.75,64755.44640000001,AMD,157.35051618303572,0,1,Intel Core i7,256,0
420,Lenovo,2 in 1 Convertible,16,2.0,101178.72,Nvidia,282.42400340544873,1,1,Intel Core i7,512,0
422,HP,Notebook,8,2.31,76030.56,Intel,141.21200170272436,0,0,Intel Core i7,256,0
423,Asus,Notebook,8,2.3,31808.16,Nvidia,141.21200170272436,0,0,Intel Core i3,0,1000
424,Dell,Gaming,16,4.42,149130.72,Nvidia,169.78089437319363,0,1,Intel Core i7,256,1000
425,Dell,Gaming,8,2.62,61751.52,Nvidia,141.21200170272436,0,1,Intel Core i7,128,1000
426,Dell,Notebook,8,2.02,60867.072,AMD,141.21200170272436,0,0,Intel Core i7,256,2000
427,Dell,Ultrabook,8,1.6,58554.72,Intel,157.35051618303572,0,0,Intel Core i7,256,0
428,HP,Gaming,12,3.35,106506.72,Nvidia,127.33567783598265,0,0,Intel Core i7,256,1000
431,Lenovo,Notebook,8,1.4,53812.8,Intel,165.6321222979323,0,1,Intel Core i7,256,0
432,Lenovo,Notebook,4,1.7,31914.72,Intel,157.35051618303572,0,1,Intel Core i3,128,0
433,Lenovo,Workstation,16,2.3,130269.6,Nvidia,282.42400340544873,0,1,Intel Core i7,512,0
434,Lenovo,Notebook,16,2.5,130482.72,Nvidia,141.21200170272436,0,0,Intel Core i7,512,0
435,Asus,Gaming,8,3.2,90309.6,AMD,127.33567783598265,0,0,AMD Processor,256,1000
436,HP,Notebook,4,2.1,18488.16,Intel,100.45467278896234,0,0,Other Intel Processor,0,500
438,Lenovo,Ultrabook,24,1.32,126912.96,Intel,209.80067661830358,0,0,Intel Core i7,512,0
439,Asus,Notebook,4,2.0,29783.52,Intel,141.21200170272436,0,0,Intel Core i5,256,0
440,Lenovo,Notebook,8,2.8,27652.32,AMD,106.11306251128974,0,0,AMD Processor,0,1000
441,Dell,Notebook,4,2.2,39906.72,AMD,141.21200170272436,0,0,Intel Core i5,256,0
442,Lenovo,Ultrabook,8,1.36,76137.12,Intel,176.232578125,0,1,Intel Core i5,256,0
443,Lenovo,Notebook,4,2.2,18594.72,Intel,141.21200170272436,0,0,Other Intel Processor,128,0
444,HP,Gaming,8,2.2,58554.72,Nvidia,141.21200170272436,0,1,Intel Core i7,128,1000
445,Dell,Notebook,8,1.64,62817.12,Nvidia,157.35051618303572,0,0,Intel Core i5,256,0
446,Acer,Notebook,4,2.4,23539.104,Intel,100.45467278896234,0,0,Intel Core i5,0,500
447,Dell,Workstation,8,2.23,106187.04,Nvidia,141.21200170272436,0,0,Other Intel Processor,0,1000
450,HP,Notebook,8,1.91,31381.92,Intel,100.45467278896234,0,0,Intel Core i5,128,0
451,Dell,Workstation,16,2.17,105228.0,Nvidia,141.21200170272436,0,1,Intel Core i7,256,0
452,HP,Workstation,8,2.31,81731.52,Intel,141.21200170272436,0,1,Intel Core i7,512,0
453,Lenovo,Notebook,8,1.65,71661.59999999999,Intel,157.35051618303572,0,0,Intel Core i5,256,0
454,Dell,Notebook,8,2.36,52161.12,AMD,141.21200170272436,0,0,Intel Core i7,128,1000
455,Dell,2 in 1 Convertible,4,1.47,25521.12,Intel,135.09421512998384,1,0,Other Intel Processor,0,500
456,Dell,Notebook,8,4.42,109010.88,Nvidia,127.33567783598265,0,1,Intel Core i7,0,1000
459,HP,Notebook,8,2.5,34093.872,Intel,106.11306251128974,0,0,Intel Core i3,256,0
460,Acer,Notebook,4,2.23,28984.32,Nvidia,141.21200170272436,0,0,Intel Core i3,0,1000
461,Acer,Netbook,4,1.4,23176.8,Intel,135.09421512998384,0,0,Other Intel Processor,128,0
462,Asus,Notebook,8,2.37,39906.72,Intel,141.21200170272436,0,0,Intel Core i5,0,1000
463,Lenovo,Notebook,8,1.5,42570.72,AMD,157.35051618303572,0,1,Intel Core i7,512,0
464,Lenovo,Notebook,8,2.67,111355.2,Nvidia,141.21200170272436,0,0,Intel Core i7,256,0
465,Asus,Notebook,4,2.0,16197.12,Intel,100.45467278896234,0,0,Other Intel Processor,0,500
466,Acer,Notebook,4,2.2,24988.32,Nvidia,100.45467278896234,0,0,Intel Core i3,0,500
467,Dell,Notebook,8,2.02,40439.52,AMD,141.21200170272436,0,0,Intel Core i5,0,2000
468,HP,Gaming,12,3.78,90522.72,Nvidia,127.33567783598265,0,1,Intel Core i7,0,1000
469,Lenovo,Ultrabook,12,1.4,98994.24,Intel,209.80067661830358,0,1,Intel Core i7,256,0
470,HP,2 in 1 Convertible,8,1.29,106506.72,Intel,331.2642445958646,1,1,Intel Core i7,512,0
471,HP,Notebook,8,1.9,61485.12,AMD,141.21200170272436,0,0,Intel Core i5,0,500
473,Dell,Ultrabook,8,1.42,98133.768,Intel,165.6321222979323,1,0,Intel Core i5,256,0
474,Asus,Notebook,12,2.06,69210.72,Intel,282.42400340544873,0,1,Intel Core i7,128,1000
475,Dell,Notebook,8,1.79,39427.2,Intel,111.93520682198661,0,0,Intel Core i3,128,0
476,Dell,Workstation,8,1.78,128298.24,Nvidia,141.21200170272436,0,0,Intel Core i7,256,0
477,Lenovo,Notebook,8,1.7,72673.92,Intel,157.35051618303572,0,0,Intel Core i5,180,0
478,Dell,Notebook,8,2.2,35964.0,AMD,141.21200170272436,0,0,Intel Core i5,0,1000
480,Dell,Notebook,8,2.16,67239.36,Nvidia,141.21200170272436,0,1,Intel Core i7,512,0
481,Dell,Notebook,4,2.18,31254.048,Intel,100.45467278896234,0,0,Intel Core i3,0,1000
482,HP,Notebook,4,1.49,38681.28,Intel,165.6321222979323,0,1,Intel Core i5,128,0
484,Lenovo,Notebook,4,2.3,30103.2,Intel,100.45467278896234,0,0,Intel Core i3,128,0
485,Lenovo,Notebook,8,1.75,55890.72,Intel,157.35051618303572,0,1,Intel Core i5,256,0
486,Dell,Workstation,16,2.17,124568.64,Nvidia,141.21200170272436,0,1,Intel Core i7,512,0
487,Dell,Notebook,16,2.06,101178.72,Nvidia,141.21200170272436,0,0,Intel Core i7,512,0
488,Lenovo,Ultrabook,16,1.36,95797.44,Intel,176.232578125,0,1,Intel Core i7,512,0
489,Asus,Ultrabook,16,0.91,103896.0,Intel,176.232578125,0,0,Intel Core i7,512,0
490,Lenovo,Notebook,8,2.3,53918.82719999999,Nvidia,141.21200170272436,0,1,Intel Core i5,256,0
492,Asus,Gaming,8,1.99,71928.0,Nvidia,141.21200170272436,0,0,Intel Core i7,128,1000
493,Acer,Notebook,8,2.2,30849.12,AMD,100.45467278896234,0,0,AMD Processor,0,1000
494,Asus,Gaming,24,4.33,67612.31999999999,Nvidia,127.33567783598265,1,1,Intel Core i7,256,1000
495,Lenovo,Ultrabook,8,1.3,58554.72,Intel,125.367431640625,0,1,Intel Core i5,180,0
496,Lenovo,Notebook,8,2.17,47893.39199999999,Intel,141.21200170272436,0,0,Intel Core i7,256,0
497,HP,Notebook,8,1.48,93186.72,Intel,157.35051618303572,0,0,Intel Core i7,1000,0
498,Lenovo,Notebook,8,1.4,50562.72,Intel,165.6321222979323,0,1,Intel Core i3,256,0
499,Lenovo,Notebook,8,2.3,48538.08,Intel,141.21200170272436,0,1,Intel Core i5,256,0
500,Asus,Netbook,4,1.2,18115.2,Intel,135.09421512998384,0,0,Other Intel Processor,0,0
501,HP,Notebook,8,1.91,32979.7872,AMD,100.45467278896234,0,0,Intel Core i5,256,0
502,Lenovo,2 in 1 Convertible,8,1.4,85194.72,Intel,158.48253428507195,1,1,Intel Core i5,256,0
503,Lenovo,Notebook,4,2.1,15930.72,Intel,111.93520682198661,0,0,Other Intel Processor,0,500
504,Lenovo,Netbook,4,1.25,14119.2,Intel,135.09421512998384,0,0,Other Intel Processor,16,0
505,Lenovo,Notebook,8,1.44,50562.72,Intel,165.6321222979323,0,0,Intel Core i5,256,0
506,Asus,Notebook,8,2.0,65214.72,Intel,141.21200170272436,0,0,Intel Core i7,256,1000
507,Acer,Notebook,4,2.2,32660.64,Nvidia,141.21200170272436,0,1,Intel Core i5,0,1000
508,HP,Ultrabook,8,1.34,70489.44,Intel,165.6321222979323,0,1,Intel Core i7,512,0
509,Lenovo,Gaming,8,2.4,61218.72,Nvidia,141.21200170272436,0,1,Intel Core i7,256,1000
510,Dell,Ultrabook,8,1.29,47898.72,Intel,165.6321222979323,1,1,Intel Core i5,128,0
511,Acer,Notebook,4,2.2,34045.92,Nvidia,141.21200170272436,0,0,Intel Core i7,0,500
512,Dell,Notebook,8,2.18,44542.08,Intel,141.21200170272436,0,0,Intel Core i5,0,1000
513,Dell,Notebook,16,2.2,64961.10719999999,AMD,141.21200170272436,0,0,Intel Core i7,256,2000
515,Asus,Netbook,2,1.1,13053.6,Intel,135.09421512998384,0,0,Other Intel Processor,0,0
516,HP,Notebook,4,2.04,27783.9216,Intel,100.45467278896234,1,0,Intel Core i5,0,1000
517,Asus,Gaming,24,2.24,158135.04,Nvidia,141.21200170272436,0,0,Intel Core i7,512,0
518,HP,Notebook,8,2.04,47365.92,Nvidia,141.21200170272436,0,0,Intel Core i5,256,0
519,Asus,Gaming,16,3.0,80133.12,Nvidia,127.33567783598265,0,0,Intel Core i7,256,1000
520,Lenovo,Gaming,8,3.2,74538.72,Nvidia,141.21200170272436,0,1,Intel Core i7,256,1000
521,HP,Ultrabook,8,1.32,74538.72,Intel,165.6321222979323,0,1,Intel Core i7,256,0
522,Dell,Notebook,8,1.64,68184.0144,Intel,157.35051618303572,0,0,Intel Core i5,256,0
523,HP,Notebook,4,1.63,36709.92,Intel,100.45467278896234,0,0,Intel Core i3,128,0
524,Dell,Notebook,8,2.8,47365.92,AMD,127.33567783598265,0,1,Intel Core i5,128,1000
525,Lenovo,Notebook,8,2.02,71395.2,Intel,157.35051618303572,0,0,Intel Core i5,256,0
526,Lenovo,Notebook,4,2.2,42570.72,Nvidia,141.21200170272436,0,0,Intel Core i7,0,1000
527,Lenovo,Notebook,8,2.2,24455.52,Nvidia,100.45467278896234,0,0,Intel Core i3,0,2000
528,Dell,Notebook,4,2.3,31168.8,AMD,141.21200170272436,0,0,Intel Core i5,0,500
529,Dell,Notebook,8,1.9,73366.56,Intel,141.21200170272436,0,0,Intel Core i5,256,0
530,Dell,Gaming,16,4.42,160520.3856,Nvidia,127.33567783598265,0,1,Intel Core i7,128,1000
532,Asus,Notebook,8,2.0,69210.72,Nvidia,282.42400340544873,0,1,Intel Core i7,256,1000
534,Asus,Gaming,8,2.3,87858.72,Nvidia,141.21200170272436,0,1,Intel Core i5,128,1000
535,Dell,Notebook,8,1.93,72940.31999999999,Nvidia,141.21200170272436,0,0,Intel Core i7,256,0
536,Dell,Notebook,8,2.2,42486.0048,AMD,141.21200170272436,0,0,Intel Core i5,256,0
537,HP,Notebook,4,1.86,21258.1872,Intel,141.21200170272436,0,0,Other Intel Processor,256,0
538,HP,Gaming,12,2.62,95850.72,Nvidia,127.33567783598265,0,0,Intel Core i7,0,1000
539,Lenovo,Notebook,8,1.87,45767.52,Nvidia,157.35051618303572,0,1,Intel Core i7,256,0
540,Dell,Ultrabook,8,1.2,74538.72,Intel,276.05353104440786,1,0,Intel Core i7,256,0
541,Dell,Notebook,4,1.6,39207.1536,Intel,157.35051618303572,0,0,Intel Core i3,128,0
542,HP,Ultrabook,8,1.34,61005.6,Intel,276.05353104440786,0,1,Intel Core i7,256,0
543,Acer,Gaming,8,2.4,42517.44,Nvidia,141.21200170272436,0,0,Intel Core i5,0,1000
544,Asus,Notebook,4,2.0,18594.72,AMD,100.45467278896234,0,0,AMD Processor,0,500
545,HP,Notebook,4,2.1,37589.04,Intel,141.21200170272436,0,0,Intel Core i3,128,0
546,Lenovo,Notebook,4,1.87,41824.8,Intel,157.35051618303572,0,0,Intel Core i5,0,500
547,Lenovo,Notebook,4,2.15,24634.008,Intel,141.21200170272436,0,0,Intel Core i5,0,1000
548,HP,Notebook,4,1.86,21152.16,Intel,141.21200170272436,0,0,Intel Core i3,0,500
549,Lenovo,Notebook,8,1.99,92121.12,Intel,141.21200170272436,0,1,Intel Core i7,512,0
550,Lenovo,Notebook,4,2.2,26586.72,Intel,141.21200170272436,0,0,Intel Core i3,128,0
551,Dell,Notebook,8,1.9,59513.2272,Intel,141.21200170272436,0,0,Intel Core i5,256,0
552,Dell,Gaming,16,4.42,143802.72,Nvidia,127.33567783598265,0,1,Intel Core i7,256,1000
553,HP,Notebook,8,2.65,28992.312,Intel,106.11306251128974,0,0,Intel Core i3,0,1000
554,HP,Notebook,8,2.63,68198.4,Nvidia,127.33567783598265,0,0,Intel Core i7,0,1000
555,Asus,Notebook,4,2.0,11934.72,Intel,100.45467278896234,0,0,Other Intel Processor,0,500
557,Lenovo,Notebook,6,2.8,50562.72,Nvidia,106.11306251128974,0,0,Intel Core i7,128,1000
558,HP,Notebook,6,1.91,30310.992,AMD,141.21200170272436,0,1,AMD Processor,128,0
559,Dell,Notebook,4,2.18,32921.712,AMD,100.45467278896234,0,0,Intel Core i3,0,1000
560,Acer,2 in 1 Convertible,4,1.25,18594.72,Intel,189.90579539331898,1,1,Other Intel Processor,0,0
561,Lenovo,Notebook,4,2.05,33566.4,Intel,141.21200170272436,0,0,Intel Core i3,128,0
562,HP,Ultrabook,16,1.16,104695.2,Intel,276.05353104440786,1,1,Other Intel Processor,512,0
563,Lenovo,Notebook,8,3.4,159786.72,Nvidia,127.33567783598265,0,1,Intel Core i7,256,0
564,Asus,Notebook,8,2.5,44701.92,Nvidia,141.21200170272436,0,0,Intel Core i5,128,1000
565,Dell,Ultrabook,8,1.21,85194.72,Intel,331.2642445958646,1,1,Intel Core i5,128,0
566,Dell,Notebook,4,1.93,51095.52,Intel,100.45467278896234,0,0,Intel Core i5,0,500
568,Lenovo,Notebook,4,2.2,18328.32,Intel,141.21200170272436,0,0,Other Intel Processor,0,500
569,Lenovo,Notebook,4,2.02,52747.2,Intel,111.93520682198661,0,0,Intel Core i5,0,500
570,HP,Workstation,8,3.14,99153.5472,Nvidia,106.11306251128974,0,0,Intel Core i5,0,500
571,HP,Notebook,8,1.94,20725.92,Intel,111.93520682198661,0,0,Other Intel Processor,0,2000
572,HP,Notebook,6,1.95,34578.72,AMD,141.21200170272436,0,1,AMD Processor,256,0
573,Lenovo,Notebook,8,2.3,44222.4,Intel,141.21200170272436,0,0,Intel Core i5,256,0
574,Lenovo,Notebook,4,2.05,36496.8,Intel,141.21200170272436,0,0,Intel Core i5,0,500
577,Lenovo,Gaming,32,4.6,141884.63999999998,Nvidia,127.33567783598265,0,1,Intel Core i7,256,1000
579,Dell,Notebook,8,2.2,39907.2528,AMD,141.21200170272436,0,0,Intel Core i7,256,0
581,Dell,Notebook,8,1.9,53733.94559999999,Intel,100.45467278896234,0,0,Intel Core i5,0,500
582,HP,Notebook,4,1.49,38308.32,Intel,165.6321222979323,0,0,Intel Core i3,128,0
583,Dell,Notebook,16,1.93,81912.13919999999,Nvidia,141.21200170272436,0,0,Intel Core i7,256,0
584,Dell,Netbook,4,1.26,15717.6,Intel,135.09421512998384,0,0,Other Intel Processor,0,0
586,HP,Gaming,16,3.78,79813.44,Nvidia,127.33567783598265,0,1,Intel Core i7,256,1000
587,Lenovo,Ultrabook,12,1.4,89137.44,Intel,157.35051618303572,0,1,Intel Core i7,256,0
588,Lenovo,Notebook,12,2.2,32447.52,Intel,100.45467278896234,1,0,Intel Core i7,0,1000
589,Asus,Gaming,8,2.73,94305.6,Nvidia,127.33567783598265,0,1,Intel Core i5,128,1000
590,Asus,2 in 1 Convertible,8,2.2,39373.92,Intel,100.45467278896234,1,0,Intel Core i5,0,1000
591,Lenovo,Notebook,12,2.2,50562.72,AMD,141.21200170272436,0,0,AMD Processor,512,0
592,Dell,2 in 1 Convertible,4,1.39,32127.84,Intel,135.09421512998384,1,0,Other Intel Processor,128,0
594,Lenovo,Notebook,4,2.8,28185.12,Intel,127.33567783598265,0,0,Intel Core i3,0,500
595,Lenovo,Notebook,8,2.29,24455.52,Intel,100.45467278896234,0,0,Intel Core i3,0,1000
596,Lenovo,2 in 1 Convertible,8,1.37,107892.0,Intel,165.6321222979323,1,1,Intel Core i7,512,0
597,Lenovo,Notebook,8,1.7,78534.72,Intel,157.35051618303572,0,1,Intel Core i5,256,0
598,Dell,2 in 1 Convertible,8,1.34,88977.59999999999,Intel,176.232578125,1,0,Intel Core i5,256,0
599,Dell,Workstation,8,2.06,93932.64,Nvidia,141.21200170272436,1,0,Intel Core i7,256,0
600,HP,Notebook,8,1.84,64948.32,Intel,141.21200170272436,0,0,Intel Core i7,256,0
601,HP,Notebook,4,2.1,35616.6144,Intel,100.45467278896234,0,0,Intel Core i3,0,500
602,Acer,Notebook,4,1.6,17529.12,Intel,157.35051618303572,0,0,Other Intel Processor,0,0
604,Dell,Notebook,4,2.18,24775.2,AMD,100.45467278896234,0,0,Intel Core i3,0,1000
607,Lenovo,Notebook,6,2.4,30049.92,Intel,141.21200170272436,0,0,Intel Core i5,0,1000
608,Lenovo,2 in 1 Convertible,8,2.0,69210.72,Intel,141.21200170272436,1,1,Intel Core i7,256,0
609,Acer,Notebook,4,1.6,18594.72,Intel,111.93520682198661,0,0,Other Intel Processor,0,0
610,Lenovo,Notebook,32,2.5,261018.72,Nvidia,282.42400340544873,0,1,Other Intel Processor,1000,0
611,Dell,Gaming,16,2.59,46833.6528,Nvidia,141.21200170272436,0,0,Intel Core i7,0,1000
612,Dell,Notebook,4,2.18,23650.992,Intel,100.45467278896234,0,0,Intel Core i3,0,1000
613,Dell,Notebook,4,2.25,19127.52,Intel,100.45467278896234,0,0,Intel Core i3,0,1000
614,Dell,Notebook,4,1.93,46300.32,Intel,100.45467278896234,0,0,Intel Core i5,0,500
615,Asus,Gaming,8,3.0,62231.04,Nvidia,127.33567783598265,0,0,Intel Core i7,128,1000
616,Dell,Notebook,4,2.18,30316.32,AMD,141.21200170272436,0,0,Intel Core i5,128,0
617,HP,Ultrabook,8,1.84,74005.92,Intel,141.21200170272436,0,0,Intel Core i7,512,0
619,Acer,2 in 1 Convertible,4,1.25,20193.12,Intel,135.09421512998384,1,1,Other Intel Processor,0,0
620,HP,Notebook,8,2.31,59886.72,Intel,111.93520682198661,0,0,Intel Core i5,256,0
621,Lenovo,Notebook,8,1.65,78055.2,Intel,157.35051618303572,0,0,Intel Core i5,256,0
622,Dell,Notebook,4,2.2,41345.28,AMD,141.21200170272436,0,0,Intel Core i5,0,1000
624,HP,Notebook,4,1.88,49656.96,Intel,100.45467278896234,0,0,Intel Core i5,0,500
625,Lenovo,Notebook,8,2.2,47898.72,Nvidia,141.21200170272436,0,0,Intel Core i7,0,1000
627,Lenovo,Notebook,4,2.2,24935.04,Intel,141.21200170272436,0,0,Intel Core i5,128,0
628,Asus,2 in 1 Convertible,6,1.5,34046.4528,Intel,165.6321222979323,1,0,Intel Core i5,0,1000
629,Dell,Notebook,8,2.0,96969.6,Nvidia,141.21200170272436,0,0,Intel Core i7,256,0
630,Asus,Ultrabook,16,1.1,101232.0,Intel,157.35051618303572,0,0,Intel Core i7,512,0
631,Dell,Gaming,16,2.62,78801.12,Nvidia,141.21200170272436,0,0,Intel Core i7,256,1000
632,Lenovo,Notebook,4,1.8,44169.12,Intel,141.21200170272436,0,0,Intel Core i5,256,0
633,Lenovo,Notebook,4,2.2,30849.12,Nvidia,141.21200170272436,0,0,Intel Core i3,0,1000
634,Asus,Notebook,8,2.0,21258.72,Intel,100.45467278896234,0,0,Other Intel Processor,0,1000
635,Asus,Notebook,8,1.99,48304.7136,Nvidia,141.21200170272436,0,0,Intel Core i5,0,1000
636,Dell,Ultrabook,8,1.23,99580.32,Intel,276.05353104440786,1,0,Intel Core i5,256,0
637,Lenovo,Notebook,2,1.42,13266.72,Intel,111.93520682198661,0,0,Other Intel Processor,0,0
638,Lenovo,2 in 1 Convertible,8,1.37,93635.3376,Intel,165.6321222979323,1,1,Intel Core i7,256,0
639,Dell,Notebook,16,2.06,127818.72,Nvidia,282.42400340544873,1,0,Intel Core i7,1000,0
640,Lenovo,Gaming,8,2.5,59087.52,Nvidia,141.21200170272436,0,1,Intel Core i7,128,1000
641,HP,Notebook,8,2.6,27753.552,AMD,107.98564596737133,0,0,AMD Processor,0,1000
642,Lenovo,Ultrabook,16,1.14,130536.0,Intel,157.35051618303572,0,1,Intel Core i7,512,0
643,Asus,Gaming,8,2.5,62284.32,Nvidia,141.21200170272436,0,1,Intel Core i7,0,1000
644,Acer,Notebook,4,2.4,23976.0,Intel,100.45467278896234,0,0,Intel Core i3,0,500
645,Lenovo,Notebook,4,1.43,14598.72,Intel,111.93520682198661,0,0,Other Intel Processor,0,0
646,Acer,Ultrabook,8,1.8,48964.32,Intel,157.35051618303572,0,1,Intel Core i5,256,0
649,Lenovo,Ultrabook,8,1.36,84395.52,Intel,176.232578125,0,1,Intel Core i7,256,0
650,Asus,Gaming,32,3.8,149130.72,Nvidia,127.33567783598265,0,1,Intel Core i7,512,0
651,Acer,Gaming,8,2.4,37775.52,Nvidia,141.21200170272436,0,0,Intel Core i5,0,1000
652,Dell,Ultrabook,8,1.2,77250.672,Intel,165.6321222979323,0,0,Intel Core i5,256,0
654,HP,Notebook,4,1.86,19441.872,Intel,100.45467278896234,0,0,Intel Core i3,0,500
656,Dell,Notebook,8,2.2,48964.32,AMD,141.21200170272436,0,0,Intel Core i7,256,0
657,Dell,Notebook,16,2.2,60472.8,AMD,141.21200170272436,0,0,Intel Core i7,256,2000
658,Lenovo,Gaming,8,3.31,63722.88,Nvidia,141.21200170272436,0,1,Intel Core i7,128,1000
659,Dell,Gaming,32,4.42,167691.8736,Nvidia,254.6713556719653,0,1,Intel Core i7,512,1000
660,Dell,Notebook,8,1.56,65481.12,Intel,157.35051618303572,0,0,Intel Core i5,256,0
661,Lenovo,Notebook,4,2.2,22324.32,Intel,100.45467278896234,0,0,Other Intel Processor,0,500
662,Lenovo,Notebook,4,2.2,28504.8,Intel,141.21200170272436,0,0,Intel Core i5,0,500
663,HP,Notebook,6,2.04,28717.92,AMD,141.21200170272436,0,0,Intel Core i3,0,1000
666,Dell,Notebook,8,2.06,50882.4,Intel,141.21200170272436,0,0,Intel Core i5,0,1000
667,HP,Notebook,8,2.1,39693.6,AMD,141.21200170272436,0,0,Intel Core i7,0,1000
669,Acer,Notebook,4,2.1,21951.36,Intel,100.45467278896234,0,0,Intel Core i3,128,0
671,Lenovo,Notebook,8,1.9,43580.376,AMD,141.21200170272436,0,0,Intel Core i5,128,1000
672,Lenovo,2 in 1 Convertible,8,1.3,55091.52,Intel,165.6321222979323,1,1,Intel Core i5,256,0
673,Lenovo,Notebook,4,2.2,18594.72,AMD,100.45467278896234,0,0,AMD Processor,128,0
674,HP,2 in 1 Convertible,4,1.63,37242.72,Nvidia,157.35051618303572,1,1,Intel Core i3,128,0
676,Asus,Ultrabook,8,1.1,60472.8,Intel,157.35051618303572,0,0,Intel Core i5,256,0
677,HP,2 in 1 Convertible,8,1.4,26373.6,Intel,135.09421512998384,1,0,Other Intel Processor,0,0
679,Acer,Gaming,16,2.5,69210.72,Nvidia,141.21200170272436,0,0,Intel Core i5,256,0
681,Asus,Notebook,4,1.86,22324.32,Intel,100.45467278896234,0,0,Other Intel Processor,128,0
682,Dell,Gaming,16,3.21,109277.28,Nvidia,141.21200170272436,0,0,Intel Core i5,128,1000
683,HP,Notebook,4,2.5,37242.72,AMD,127.33567783598265,0,1,Intel Core i3,256,0
684,Lenovo,2 in 1 Convertible,8,1.19,79866.72,Intel,165.6321222979323,1,1,Intel Core i7,512,0
685,Dell,Gaming,16,3.49,149916.6,Nvidia,141.21200170272436,0,0,Intel Core i7,256,1000
686,HP,Notebook,4,1.86,32639.8608,AMD,100.45467278896234,0,0,Intel Core i5,0,500
687,Dell,Notebook,4,2.2,29073.297599999994,AMD,100.45467278896234,0,0,Intel Core i3,0,1000
688,HP,Notebook,6,2.65,30316.32,AMD,127.33567783598265,0,1,AMD Processor,0,2000
689,Lenovo,Notebook,4,2.1,16943.04,Intel,100.45467278896234,0,0,Other Intel Processor,0,500
690,Acer,Notebook,4,1.45,19980.0,Intel,111.93520682198661,0,0,Other Intel Processor,0,0
691,Lenovo,Notebook,4,1.7,37242.72,Intel,157.35051618303572,0,0,Intel Core i5,256,0
692,HP,Workstation,8,3.14,101657.7072,Nvidia,127.33567783598265,0,0,Intel Core i7,0,500
693,Lenovo,2 in 1 Convertible,8,1.42,137995.19999999998,Intel,209.80067661830358,1,0,Intel Core i7,256,0
695,Acer,Netbook,4,1.4,14332.32,Intel,135.09421512998384,0,0,Other Intel Processor,0,0
696,Lenovo,2 in 1 Convertible,16,1.38,93186.72,Intel,157.35051618303572,1,0,Intel Core i7,512,0
697,Asus,2 in 1 Convertible,4,1.2,35644.32,Intel,176.232578125,1,0,Other Intel Processor,0,0
699,HP,Notebook,4,2.1,36709.92,AMD,141.21200170272436,0,1,Intel Core i7,0,500
700,Dell,Gaming,8,2.56,43636.32,Nvidia,141.21200170272436,0,0,Intel Core i5,0,1000
701,Lenovo,Notebook,4,2.2,21258.72,AMD,141.21200170272436,0,0,AMD Processor,256,0
702,Lenovo,Notebook,8,2.2,22857.12,AMD,100.45467278896234,0,0,AMD Processor,0,1000
703,Lenovo,Notebook,4,2.1,33110.856,Intel,141.21200170272436,0,0,Intel Core i5,0,2000
704,Lenovo,Notebook,4,1.9,23976.0,Intel,100.45467278896234,0,0,Intel Core i3,0,500
705,Dell,Notebook,8,2.18,42357.6,Intel,141.21200170272436,0,0,Intel Core i5,256,0
706,Acer,2 in 1 Convertible,8,1.6,53226.72,Intel,165.6321222979323,1,1,Intel Core i5,256,0
707,Lenovo,Workstation,16,2.18,98834.4,Nvidia,141.21200170272436,0,0,Intel Core i7,512,0
708,Lenovo,Notebook,8,1.8,63456.48,Intel,157.35051618303572,0,0,Intel Core i5,256,0
709,HP,Notebook,6,2.71,34898.932799999995,AMD,127.33567783598265,0,1,AMD Processor,0,2000
710,Lenovo,Gaming,8,2.5,66546.72,Nvidia,141.21200170272436,0,1,Intel Core i7,128,1000
711,Dell,Notebook,8,1.64,58021.92,Nvidia,157.35051618303572,0,0,Intel Core i5,256,0
712,Dell,Notebook,8,1.98,38681.28,Intel,141.21200170272436,0,0,Intel Core i5,0,1000
713,Asus,Notebook,4,1.5,15877.44,Intel,157.35051618303572,0,0,Other Intel Processor,0,0
714,Dell,Notebook,16,1.93,76012.44480000001,Intel,141.21200170272436,0,0,Intel Core i5,512,0
715,Lenovo,Notebook,8,1.87,45664.6896,Nvidia,157.35051618303572,0,1,Intel Core i5,256,0
716,Dell,Notebook,8,1.9,62817.12,Intel,141.21200170272436,0,0,Intel Core i5,256,0
717,Lenovo,Notebook,4,2.19,15877.44,AMD,100.45467278896234,0,0,AMD Processor,0,500
719,HP,Notebook,8,2.63,63936.0,Nvidia,127.33567783598265,0,0,Intel Core i7,256,0
720,Lenovo,Ultrabook,8,1.17,89864.1792,Intel,209.80067661830358,0,1,Intel Core i7,512,0
721,HP,2 in 1 Convertible,8,1.58,44574.048,Intel,117.826533496828,1,1,Intel Core i5,256,0
722,Lenovo,Ultrabook,8,1.32,79866.72,Intel,157.35051618303572,0,1,Intel Core i5,256,0
723,Dell,Gaming,32,4.36,194972.832,Nvidia,254.6713556719653,0,0,Intel Core i7,1000,1000
725,Lenovo,Notebook,4,1.9,26101.872,Intel,100.45467278896234,0,0,Intel Core i5,0,1000
726,Dell,Notebook,8,2.2,38308.32,AMD,141.21200170272436,0,0,Intel Core i5,128,1000
727,Dell,2 in 1 Convertible,4,1.71,34578.72,Intel,165.6321222979323,1,0,Intel Core i3,0,1000
728,Dell,Notebook,8,2.32,31409.6256,AMD,100.45467278896234,0,0,Intel Core i5,0,1000
729,HP,Notebook,4,2.1,26053.92,AMD,141.21200170272436,0,0,AMD Processor,0,1000
730,Acer,Gaming,16,4.2,103096.8,Nvidia,127.33567783598265,0,1,Intel Core i7,128,1000
731,Dell,Notebook,12,2.25,34578.72,Intel,100.45467278896234,0,0,Intel Core i5,0,1000
732,HP,Notebook,6,2.1,34632.0,AMD,141.21200170272436,0,0,AMD Processor,128,1000
733,Acer,Notebook,4,2.4,29783.52,Intel,100.45467278896234,0,0,Intel Core i5,0,500
734,Lenovo,Notebook,8,1.44,51148.8,Intel,165.6321222979323,0,1,Intel Core i5,256,0
735,Lenovo,Notebook,4,1.85,41505.12,Intel,141.21200170272436,0,0,Intel Core i7,0,1000
736,HP,Workstation,16,2.6,128884.32,Nvidia,141.21200170272436,0,0,Intel Core i7,256,0
737,Dell,2 in 1 Convertible,8,1.55,35111.52,Intel,165.6321222979323,1,0,Intel Core i5,0,1000
739,Acer,Notebook,4,2.4,21887.424,Intel,100.45467278896234,0,0,Intel Core i3,0,500
740,Dell,Notebook,8,2.0,64308.96,Nvidia,141.21200170272436,0,0,Intel Core i7,128,1000
741,Dell,Notebook,8,2.0,35431.2,Intel,100.45467278896234,0,0,Intel Core i3,256,0
743,Lenovo,2 in 1 Convertible,8,1.7,53226.72,Intel,157.35051618303572,1,0,Intel Core i5,256,0
744,Lenovo,Workstation,16,2.5,175770.72,Nvidia,282.42400340544873,0,1,Intel Core i7,1000,0
745,Acer,Notebook,2,1.68,17582.399999999998,Intel,111.93520682198661,0,0,Other Intel Processor,0,0
747,HP,Notebook,8,1.86,28717.92,Intel,141.21200170272436,0,0,Intel Core i3,256,0
748,Dell,Notebook,8,1.6,60031.1088,Intel,111.93520682198661,0,0,Intel Core i5,256,0
749,HP,Workstation,16,3.0,233845.92,Nvidia,127.33567783598265,0,1,Other Intel Processor,256,0
750,Lenovo,Netbook,4,1.4,25308.0,Intel,135.09421512998384,1,0,Other Intel Processor,128,0
751,HP,Notebook,8,1.84,101232.0,Intel,141.21200170272436,0,0,Intel Core i5,256,0
752,Asus,Notebook,4,2.45,30849.12,Nvidia,100.45467278896234,0,0,Intel Core i5,0,1000
753,Lenovo,Ultrabook,4,1.7,58394.88,Intel,157.35051618303572,0,0,Intel Core i5,180,0
754,Asus,Notebook,4,2.37,45282.672,Intel,100.45467278896234,0,0,Intel Core i7,256,0
755,Lenovo,2 in 1 Convertible,8,1.3,63882.72,Intel,276.05353104440786,1,1,Intel Core i5,256,0
756,HP,Notebook,8,2.2,58554.72,Nvidia,141.21200170272436,0,1,Intel Core i5,128,1000
757,HP,Workstation,8,2.59,83170.08,Nvidia,141.21200170272436,0,0,Intel Core i7,256,0
758,Dell,Gaming,16,4.42,152859.7872,Nvidia,282.42400340544873,0,1,Intel Core i7,256,1000
759,Acer,Notebook,4,2.1,31914.72,Intel,100.45467278896234,0,0,Intel Core i5,256,0
760,Lenovo,Gaming,8,2.5,55837.44,Nvidia,141.21200170272436,0,1,Intel Core i7,128,1000
761,Dell,Ultrabook,16,1.18,99047.52,Intel,176.232578125,0,0,Intel Core i7,256,0
763,Asus,Ultrabook,8,1.2,60153.12,Intel,276.05353104440786,0,1,Intel Core i5,256,0
764,Dell,Notebook,4,1.65,45234.72,Intel,117.826533496828,0,0,Intel Core i3,0,500
765,Acer,Notebook,4,1.6,34898.4,Intel,117.826533496828,0,0,Intel Core i5,128,0
766,Asus,Notebook,4,2.8,25059.715199999995,Nvidia,90.58340436461343,0,0,Other Intel Processor,0,1000
767,Dell,Gaming,16,2.72,58554.72,Nvidia,282.42400340544873,1,1,Intel Core i7,128,1000
769,Acer,Notebook,4,2.1,15877.44,Intel,100.45467278896234,0,0,Other Intel Processor,0,1000
770,Dell,Notebook,16,2.3,62938.0656,AMD,141.21200170272436,0,0,Intel Core i7,256,0
773,Dell,Gaming,8,2.62,58554.72,Nvidia,141.21200170272436,0,0,Intel Core i7,0,1000
774,HP,Ultrabook,4,1.26,66280.31999999999,Intel,125.367431640625,0,0,Intel Core i5,256,0
775,Asus,2 in 1 Convertible,12,2.3,44701.92,Nvidia,141.21200170272436,1,0,Intel Core i7,0,2000
776,Lenovo,Notebook,16,2.5,126273.6,Nvidia,282.42400340544873,0,0,Intel Core i7,512,0
777,Acer,Notebook,4,1.8,33886.08,Intel,157.35051618303572,0,1,Intel Core i3,128,0
779,Asus,Notebook,8,2.0,31003.632,Intel,141.21200170272436,0,0,Other Intel Processor,128,0
780,Dell,Gaming,32,4.42,191211.264,Nvidia,127.33567783598265,0,1,Intel Core i7,1000,1000
781,Asus,Gaming,16,4.3,125208.0,Nvidia,127.33567783598265,0,1,Intel Core i7,256,1000
783,Lenovo,Notebook,8,2.2,17529.12,Intel,100.45467278896234,0,0,Other Intel Processor,0,1000
784,Lenovo,Ultrabook,16,1.7,122490.72,Intel,157.35051618303572,0,0,Intel Core i7,512,0
787,Lenovo,Gaming,4,2.4,53226.72,Nvidia,141.21200170272436,0,1,Intel Core i7,0,1000
788,Acer,Gaming,16,4.2,122490.72,Nvidia,127.33567783598265,0,1,Intel Core i7,256,1000
789,Dell,Gaming,8,2.62,52480.8,Nvidia,141.21200170272436,0,0,Intel Core i5,256,0
790,Asus,Gaming,8,2.24,71341.92,Nvidia,141.21200170272436,0,0,Intel Core i7,128,1000
792,Lenovo,2 in 1 Convertible,8,1.37,104961.6,Intel,165.6321222979323,1,1,Intel Core i7,512,0
793,Lenovo,2 in 1 Convertible,8,2.08,51095.52,AMD,141.21200170272436,1,0,Intel Core i5,256,0
795,Lenovo,2 in 1 Convertible,8,1.42,124142.4,Intel,209.80067661830358,1,1,Intel Core i5,256,0
796,Asus,Notebook,4,1.63,15930.72,Intel,111.93520682198661,0,0,Other Intel Processor,0,0
797,Dell,Notebook,8,1.95,43156.8,Intel,100.45467278896234,0,0,Intel Core i5,128,0
798,Lenovo,2 in 1 Convertible,8,1.38,71874.72,Intel,158.48253428507195,1,1,Intel Core i7,256,0
799,Dell,Notebook,8,2.0,39373.92,AMD,141.21200170272436,0,0,Intel Core i3,256,0
800,HP,Workstation,8,3.14,110017.872,Nvidia,141.21200170272436,0,0,Intel Core i7,256,0
801,Asus,Notebook,8,2.37,58554.72,Intel,141.21200170272436,0,0,Intel Core i5,256,0
802,Dell,Ultrabook,8,1.29,79866.72,Intel,165.6321222979323,0,0,Intel Core i5,256,0
803,Dell,Notebook,8,2.06,93186.72,Nvidia,282.42400340544873,1,0,Intel Core i5,256,0
804,Dell,Netbook,4,1.63,39640.32,Intel,135.09421512998384,0,0,Other Intel Processor,128,0
805,HP,Netbook,8,1.26,74005.92,Intel,125.367431640625,0,0,Intel Core i5,256,0
807,HP,Notebook,8,2.04,33513.119999999995,AMD,100.45467278896234,0,0,AMD Processor,0,2000
808,Dell,Gaming,16,2.62,89457.12,Nvidia,282.42400340544873,0,0,Intel Core i7,512,0
809,Lenovo,Notebook,4,2.4,32447.52,Nvidia,141.21200170272436,0,0,Intel Core i5,0,1000
810,HP,Gaming,12,3.74,93186.72,AMD,127.33567783598265,0,1,Intel Core i7,0,1000
813,Dell,Notebook,8,1.98,51202.08,Nvidia,141.21200170272436,0,0,Intel Core i7,0,1000
814,Dell,Notebook,8,2.18,42081.0768,AMD,141.21200170272436,0,0,Intel Core i5,256,0
815,Lenovo,Ultrabook,8,1.32,99047.52,Intel,157.35051618303572,0,0,Intel Core i7,256,0
817,HP,Netbook,4,1.23,20512.8,Intel,135.09421512998384,0,0,Other Intel Processor,0,0
818,Dell,Gaming,16,4.36,133467.4656,Nvidia,127.33567783598265,0,1,Intel Core i7,128,1000
819,Dell,Notebook,4,1.76,40226.4,Intel,111.93520682198661,0,0,Intel Core i5,0,500
820,Lenovo,Notebook,4,2.1,26101.872,Intel,100.45467278896234,0,0,Intel Core i3,0,500
822,Lenovo,Ultrabook,8,1.13,133146.72,Intel,157.35051618303572,0,1,Intel Core i7,512,0
824,Lenovo,Ultrabook,8,1.13,99900.0,Intel,157.35051618303572,0,1,Intel Core i5,0,0
826,Asus,2 in 1 Convertible,8,1.1,72354.23999999999,Intel,165.6321222979323,1,0,Intel Core i5,256,0
827,Dell,Notebook,4,1.76,31168.8,Intel,111.93520682198661,0,0,Intel Core i3,0,500
828,Acer,Netbook,4,1.35,18914.4,Intel,135.09421512998384,0,1,Other Intel Processor,0,0
829,Acer,Notebook,8,1.5,32980.32,Intel,157.35051618303572,0,1,Intel Core i3,128,0
831,Lenovo,Ultrabook,16,1.1,111834.72,Intel,209.80067661830358,0,1,Intel Core i7,512,0
832,Asus,Notebook,4,2.1,27652.32,Nvidia,141.21200170272436,0,0,Intel Core i5,0,1000
833,Lenovo,Notebook,8,1.7,63190.08,Intel,157.35051618303572,0,0,Intel Core i5,256,0
834,Lenovo,Notebook,8,1.32,87912.0,Intel,157.35051618303572,0,1,Intel Core i5,256,0
835,Dell,Gaming,16,3.21,147832.28639999998,Nvidia,141.21200170272436,0,0,Intel Core i7,256,1000
836,Asus,Gaming,16,2.9,128884.32,Nvidia,127.33567783598265,0,0,Intel Core i7,256,1000
838,Lenovo,Notebook,4,1.5,17316.0,Intel,111.93520682198661,0,0,Other Intel Processor,0,0
839,Asus,Notebook,8,2.3,31435.2,Intel,141.21200170272436,0,0,Intel Core i5,0,128
840,Asus,Gaming,16,2.73,95850.72,Nvidia,127.33567783598265,0,0,Intel Core i7,512,1000
841,Dell,Gaming,32,4.42,163723.57919999998,Nvidia,127.33567783598265,0,1,Intel Core i7,512,1000
842,HP,Notebook,8,2.63,48484.8,Nvidia,106.11306251128974,0,0,Intel Core i5,0,1000
843,Dell,Notebook,8,2.18,38041.3872,Intel,100.45467278896234,0,0,Intel Core i5,128,0
844,HP,Ultrabook,8,1.54,99633.6,Intel,157.35051618303572,0,0,Intel Core i7,512,0
845,Dell,Notebook,4,2.18,39373.92,AMD,141.21200170272436,0,0,Intel Core i7,256,0
846,HP,2 in 1 Convertible,4,1.4,32767.2,Intel,135.09421512998384,1,0,Other Intel Processor,0,0
847,Asus,Ultrabook,8,1.45,54665.28,Nvidia,165.6321222979323,0,1,Intel Core i5,512,0
848,HP,2 in 1 Convertible,8,1.28,121318.56,Intel,165.6321222979323,1,0,Intel Core i5,256,0
849,HP,Ultrabook,8,1.54,78215.04,Intel,157.35051618303572,0,0,Intel Core i7,512,0
850,HP,Notebook,4,1.86,15930.72,Intel,100.45467278896234,0,0,Other Intel Processor,128,0
851,Asus,Gaming,16,2.1,101178.72,Nvidia,141.21200170272436,0,0,Intel Core i7,128,1000
852,Dell,Notebook,8,2.83,46087.2,AMD,127.33567783598265,0,0,Intel Core i7,0,1000
853,Lenovo,Ultrabook,8,1.96,101391.84,Nvidia,157.35051618303572,0,1,Intel Core i7,256,0
854,Asus,Notebook,8,2.3,41931.36,Nvidia,141.21200170272436,0,1,Intel Core i7,256,0
855,Dell,Notebook,8,1.9,50349.6,Intel,141.21200170272436,0,0,Intel Core i5,128,0
856,Asus,Notebook,4,2.0,23922.72,Intel,100.45467278896234,0,0,Other Intel Processor,0,1000
857,HP,2 in 1 Convertible,8,1.28,136343.52,Intel,165.6321222979323,1,0,Intel Core i7,256,0
858,Dell,Notebook,8,1.62,34578.72,Intel,165.6321222979323,1,0,Intel Core i5,0,1000
859,Lenovo,Notebook,4,2.2,24988.32,Intel,141.21200170272436,0,0,Intel Core i3,0,1000
860,Lenovo,Notebook,8,2.3,45323.1648,Intel,141.21200170272436,0,1,Intel Core i5,0,1000
861,HP,Notebook,8,1.84,71874.72,AMD,141.21200170272436,0,0,Intel Core i5,256,0
863,Lenovo,Gaming,8,2.5,54185.76,Nvidia,141.21200170272436,0,1,Intel Core i5,0,1000
864,Dell,Ultrabook,16,1.29,119347.2,Intel,276.05353104440786,1,0,Intel Core i7,512,0
865,HP,Notebook,4,2.07,48484.8,Intel,141.21200170272436,0,0,Intel Core i5,0,500
867,Lenovo,2 in 1 Convertible,8,1.37,103896.0,Intel,165.6321222979323,1,1,Intel Core i7,256,0
868,Acer,Notebook,8,1.56,48058.56,Intel,157.35051618303572,0,1,Intel Core i5,256,0
869,Dell,Workstation,8,2.23,94731.84,Nvidia,141.21200170272436,0,0,Intel Core i7,0,1000
870,Lenovo,Notebook,4,2.38,56210.4,Intel,100.45467278896234,0,0,Intel Core i5,0,500
871,Lenovo,Notebook,4,2.2,25521.12,AMD,141.21200170272436,0,0,Intel Core i3,0,1000
873,Lenovo,Notebook,4,1.44,39160.8,Intel,165.6321222979323,0,1,Intel Core i3,180,0
875,Dell,Ultrabook,8,1.6,90043.2,Intel,176.232578125,0,0,Intel Core i7,256,0
876,Asus,Notebook,4,2.0,21258.1872,Intel,100.45467278896234,0,0,Other Intel Processor,0,1000
878,Dell,Notebook,4,2.18,48618.0,Nvidia,141.21200170272436,0,0,Intel Core i5,128,1000
879,HP,Notebook,4,2.04,44701.92,Intel,141.21200170272436,0,0,Intel Core i5,256,0
880,HP,2 in 1 Convertible,4,1.28,90576.0,Intel,165.6321222979323,1,0,Intel Core i5,256,0
881,HP,2 in 1 Convertible,4,2.3,36486.14399999999,Intel,100.45467278896234,1,0,Intel Core i5,0,500
882,Asus,Notebook,4,1.65,18541.44,Intel,111.14134010693707,0,0,Other Intel Processor,0,0
883,Lenovo,Notebook,8,2.2,35644.32,Nvidia,141.21200170272436,0,1,Intel Core i7,0,1000
884,Dell,Notebook,4,2.2,19660.32,Intel,100.45467278896234,0,0,Other Intel Processor,0,500
885,HP,2 in 1 Convertible,4,1.28,95850.72,Intel,165.6321222979323,1,0,Intel Core i5,256,0
886,Dell,Notebook,4,2.18,24279.696,AMD,100.45467278896234,0,0,Intel Core i3,0,1000
887,Asus,Gaming,12,2.2,72988.272,Nvidia,127.33567783598265,0,0,Intel Core i5,128,1000
888,Acer,Netbook,4,1.25,15824.16,Intel,135.09421512998384,0,1,Other Intel Processor,0,0
889,Lenovo,Notebook,4,2.8,20193.12,AMD,106.11306251128974,0,0,AMD Processor,0,500
890,HP,Notebook,4,1.95,67399.2,Intel,157.35051618303572,0,0,Intel Core i5,128,0
891,HP,2 in 1 Convertible,16,1.42,74538.72,Intel,276.05353104440786,1,0,Intel Core i7,256,0
893,Lenovo,Ultrabook,8,1.32,95850.72,Intel,157.35051618303572,0,1,Intel Core i5,256,0
896,Dell,Gaming,8,2.62,49497.12,Nvidia,141.21200170272436,0,0,Intel Core i7,0,1000
897,HP,Notebook,8,2.04,47952.0,Nvidia,141.21200170272436,0,0,Intel Core i7,0,1000
898,Dell,Notebook,4,2.18,32713.92,AMD,100.45467278896234,0,0,Intel Core i3,0,1000
899,Dell,Notebook,8,1.9,49816.8,Intel,141.21200170272436,0,0,Intel Core i5,0,500
900,Dell,2 in 1 Convertible,8,1.24,107257.968,Intel,276.05353104440786,1,0,Intel Core i7,512,0
901,Asus,Gaming,32,3.58,68145.12,Nvidia,127.33567783598265,0,1,Intel Core i7,512,0
902,Dell,2 in 1 Convertible,16,1.22,87858.72,Intel,165.6321222979323,1,0,Intel Core i7,256,0
903,Lenovo,Ultrabook,8,1.13,109170.72,Intel,157.35051618303572,0,1,Intel Core i7,0,0
904,Lenovo,Notebook,8,1.95,104588.1072,Intel,141.21200170272436,0,1,Intel Core i5,512,0
906,HP,Netbook,8,1.26,79014.23999999999,Intel,176.232578125,0,0,Intel Core i7,512,0
907,Acer,Notebook,4,2.2,19127.52,Intel,141.21200170272436,0,1,Other Intel Processor,0,0
908,Lenovo,Notebook,8,2.6,42037.92,Nvidia,141.21200170272436,0,1,Intel Core i5,128,1000
910,Dell,Notebook,8,1.6,64202.4,Intel,157.35051618303572,0,0,Intel Core i5,256,0
911,HP,Ultrabook,8,1.09,165168.0,Intel,352.46515625,1,0,Other Intel Processor,240,0
912,Lenovo,Notebook,6,2.2,42037.92,Nvidia,141.21200170272436,0,0,Intel Core i7,256,0
913,HP,Notebook,8,2.04,54291.78719999999,Nvidia,141.21200170272436,0,0,Intel Core i7,256,0
914,Acer,Notebook,4,2.4,26586.72,Intel,141.21200170272436,0,0,Intel Core i3,0,1000
915,Lenovo,Notebook,4,1.44,46939.68,Intel,165.6321222979323,0,0,Intel Core i5,128,0
916,HP,Notebook,8,1.49,51148.8,Intel,165.6321222979323,0,0,Intel Core i5,256,0
918,Dell,Gaming,16,2.6,71874.72,Nvidia,141.21200170272436,0,0,Intel Core i7,128,1000
920,Dell,Notebook,4,2.18,36496.2672,AMD,100.45467278896234,0,0,Intel Core i5,0,1000
921,HP,Ultrabook,8,1.84,69103.62719999999,AMD,141.21200170272436,0,0,Intel Core i7,256,0
922,HP,Ultrabook,8,1.39,61218.72,Intel,276.05353104440786,1,0,Intel Core i7,256,0
924,Lenovo,2 in 1 Convertible,8,1.37,97236.0,Intel,165.6321222979323,1,1,Intel Core i5,512,0
925,Dell,Notebook,4,1.95,38889.072,Intel,100.45467278896234,0,0,Intel Core i5,0,500
926,Lenovo,Ultrabook,8,1.36,87912.0,Intel,176.232578125,0,1,Intel Core i7,256,0
927,HP,Notebook,8,2.31,62071.2,Intel,141.21200170272436,0,0,Intel Core i5,256,0
928,Dell,Notebook,4,2.18,37725.4368,Intel,100.45467278896234,0,0,Intel Core i5,0,1000
929,HP,Notebook,4,1.95,61218.72,Intel,111.93520682198661,0,0,Intel Core i5,0,500
930,Lenovo,Notebook,4,2.2,16463.52,Intel,100.45467278896234,0,0,Other Intel Processor,0,1000
931,HP,Ultrabook,4,1.26,84129.12,Intel,176.232578125,0,0,Intel Core i5,0,500
932,HP,Notebook,4,1.86,15392.592,Intel,100.45467278896234,0,0,Other Intel Processor,0,1000
933,Lenovo,2 in 1 Convertible,16,1.3,95850.72,Intel,276.05353104440786,1,1,Intel Core i7,1000,0
935,HP,Netbook,8,1.26,88924.31999999999,Intel,176.232578125,0,0,Intel Core i5,256,0
936,Dell,Notebook,4,2.18,29762.208,Intel,100.45467278896234,0,0,Intel Core i3,0,1000
938,Dell,Ultrabook,8,1.36,87325.92,Intel,157.35051618303572,0,0,Intel Core i5,256,0
939,Dell,Gaming,16,4.36,146946.24,Nvidia,169.78089437319363,0,0,Intel Core i7,512,1000
940,HP,Gaming,8,2.75,74538.72,Nvidia,127.33567783598265,0,1,Intel Core i5,128,1000
941,Asus,Notebook,4,2.8,28238.4,Nvidia,106.11306251128974,0,0,Other Intel Processor,0,1000
942,Acer,Notebook,4,2.23,32980.32,Intel,100.45467278896234,0,0,Intel Core i5,0,500
944,Lenovo,2 in 1 Convertible,8,1.1,69210.72,Intel,194.94754217367256,1,1,Other Intel Processor,256,0
945,Lenovo,Gaming,16,2.5,53226.72,AMD,141.21200170272436,0,1,AMD Processor,512,1000
946,Dell,Ultrabook,8,1.36,78438.816,Intel,176.232578125,1,0,Intel Core i5,256,0
947,Lenovo,Notebook,8,2.2,36496.8,Nvidia,141.21200170272436,0,0,Intel Core i7,0,1000
948,Dell,Notebook,4,2.36,35111.52,AMD,106.11306251128974,0,0,Intel Core i3,0,1000
949,Acer,Notebook,4,1.68,18594.72,Intel,111.93520682198661,0,0,Other Intel Processor,0,0
950,HP,Workstation,8,2.0,119826.72,Nvidia,141.21200170272436,0,1,Intel Core i7,8,0
951,Dell,Ultrabook,8,1.36,94572.0,Intel,157.35051618303572,0,0,Intel Core i7,256,0
953,Asus,2 in 1 Convertible,8,1.2,61751.52,Intel,176.232578125,0,0,Other Intel Processor,0,0
954,Lenovo,Ultrabook,8,1.7,79333.3872,Intel,157.35051618303572,0,1,Intel Core i7,256,0
955,Dell,Gaming,16,4.36,168045.12,Nvidia,254.6713556719653,0,1,Intel Core i7,512,1000
956,Dell,2 in 1 Convertible,8,1.24,101178.72,Intel,165.6321222979323,1,0,Intel Core i5,256,0
957,HP,2 in 1 Convertible,4,1.45,41292.0,Intel,135.09421512998384,1,0,Other Intel Processor,256,0
958,Dell,Ultrabook,8,1.3,67559.04,Intel,276.05353104440786,0,0,Intel Core i7,256,0
959,Acer,2 in 1 Convertible,4,1.25,20725.92,Intel,135.09421512998384,1,1,Other Intel Processor,0,0
961,Lenovo,Ultrabook,8,1.36,93772.8,Intel,176.232578125,0,1,Intel Core i5,256,0
962,Acer,Notebook,12,2.4,53759.52,Nvidia,141.21200170272436,0,0,Intel Core i5,128,1000
964,HP,Notebook,8,2.04,45101.52,Nvidia,100.45467278896234,0,0,Intel Core i5,0,1000
965,Dell,Notebook,4,2.25,24808.2336,AMD,100.45467278896234,0,0,Intel Core i3,0,1000
966,Dell,Notebook,4,1.9,43956.0,Intel,100.45467278896234,0,0,Intel Core i5,0,500
967,HP,Notebook,4,2.04,36496.8,Intel,141.21200170272436,0,0,Intel Core i3,0,500
968,Dell,Gaming,32,4.42,167778.72,Nvidia,127.33567783598265,0,1,Intel Core i7,256,1000
969,Lenovo,Notebook,6,2.4,37029.6,Nvidia,141.21200170272436,0,0,Intel Core i5,256,0
970,Dell,2 in 1 Convertible,16,1.22,101178.72,Intel,276.05353104440786,1,0,Intel Core i7,512,0
971,Dell,Ultrabook,8,1.5,104587.57439999998,Intel,209.80067661830358,1,0,Intel Core i7,256,0
972,Dell,Gaming,32,4.42,149184.0,Nvidia,127.33567783598265,0,0,Intel Core i7,256,1000
974,Asus,Gaming,16,2.73,109218.672,Nvidia,127.33567783598265,0,0,Intel Core i7,256,1000
975,HP,Notebook,8,2.04,52161.12,Nvidia,141.21200170272436,0,1,Intel Core i5,128,1000
976,Lenovo,Notebook,4,1.7,53386.56,Intel,111.93520682198661,0,0,Intel Core i5,0,0
977,Asus,2 in 1 Convertible,16,2.3,95850.72,Nvidia,282.42400340544873,1,0,Intel Core i7,512,2000
978,HP,Notebook,6,2.04,30849.12,Intel,100.45467278896234,0,0,Intel Core i7,0,1000
979,Asus,Gaming,16,2.99,93186.72,Nvidia,127.33567783598265,0,0,Intel Core i7,256,1000
980,Dell,2 in 1 Convertible,12,2.19,69210.72,Intel,141.21200170272436,1,1,Intel Core i7,512,0
982,Lenovo,Notebook,6,2.2,29250.72,AMD,141.21200170272436,0,0,AMD Processor,256,0
985,Dell,Notebook,4,2.25,31914.72,AMD,100.45467278896234,0,0,Intel Core i5,0,500
986,HP,Notebook,8,2.04,42943.68,Intel,141.21200170272436,0,0,Intel Core i5,0,1000
987,Lenovo,Gaming,8,2.5,63349.92,Nvidia,141.21200170272436,0,1,Intel Core i7,128,1000
988,Dell,Notebook,8,2.36,39906.72,AMD,100.45467278896234,0,0,Intel Core i7,0,1000
989,Dell,Notebook,8,1.6,59620.32,Intel,157.35051618303572,0,0,Intel Core i5,128,0
990,HP,Netbook,8,0.97,101658.24,Intel,176.232578125,0,0,Other Intel Processor,512,0
991,HP,Notebook,4,2.1,26586.72,AMD,141.21200170272436,0,0,Intel Core i3,128,1000
992,Lenovo,Notebook,4,1.9,14418.6336,Intel,100.45467278896234,0,0,Other Intel Processor,128,0
993,Lenovo,Notebook,8,2.3,71874.72,Intel,141.21200170272436,0,0,Intel Core i5,256,0
994,Dell,2 in 1 Convertible,8,1.68,47365.92,Intel,165.6321222979323,1,0,Intel Core i5,256,0
995,Asus,Notebook,8,1.4,61272.0,Intel,276.05353104440786,0,0,Intel Core i5,256,0
996,HP,Ultrabook,8,1.11,71874.72,Intel,165.6321222979323,1,1,Intel Core i7,256,0
997,Acer,Notebook,4,2.4,20246.4,Intel,100.45467278896234,0,0,Other Intel Processor,0,500
998,Asus,Gaming,16,2.5,95850.72,Nvidia,141.21200170272436,0,0,Intel Core i7,256,1000
999,HP,Ultrabook,8,1.48,111301.92,Intel,157.35051618303572,0,0,Intel Core i7,512,0
1000,Acer,Gaming,8,2.7,67132.8,Nvidia,141.21200170272436,0,1,Intel Core i7,128,1000
1001,HP,Notebook,8,1.34,63349.92,Intel,165.6321222979323,0,1,Intel Core i5,256,0
1002,Dell,Notebook,4,2.18,29144.16,Intel,100.45467278896234,0,0,Intel Core i3,128,0
1003,HP,Notebook,4,1.64,41505.12,Intel,111.93520682198661,0,0,Intel Core i5,0,500
1005,HP,Notebook,4,1.48,58607.46719999999,Intel,111.93520682198661,0,0,Intel Core i5,256,0
1006,HP,Notebook,4,1.95,64202.4,Intel,157.35051618303572,0,0,Intel Core i5,256,0
1007,HP,Ultrabook,8,1.43,77202.72,Intel,157.35051618303572,0,0,Intel Core i7,256,0
1008,HP,Notebook,8,1.64,55904.5728,Nvidia,157.35051618303572,0,0,Intel Core i5,256,0
1009,HP,Notebook,4,1.64,36443.52,Intel,111.93520682198661,0,0,Intel Core i3,0,500
1010,Dell,Gaming,8,2.65,50562.72,Nvidia,141.21200170272436,0,0,Intel Core i5,0,0
1011,HP,Ultrabook,4,1.26,81997.92,Intel,176.232578125,0,0,Intel Core i5,0,500
1012,HP,Notebook,4,1.48,84715.2,Intel,157.35051618303572,0,0,Intel Core i5,256,0
1013,HP,Ultrabook,8,1.54,100550.5488,Intel,157.35051618303572,0,0,Intel Core i7,256,0
1014,HP,Notebook,4,1.49,42624.0,Intel,117.826533496828,0,0,Intel Core i3,0,500
1016,HP,Notebook,4,2.04,41025.0672,Intel,100.45467278896234,0,0,Intel Core i3,256,0
1017,Lenovo,Notebook,16,2.4,158135.04,Nvidia,254.6713556719653,0,1,Intel Core i7,512,0
1019,HP,Notebook,8,1.43,118761.12,Intel,157.35051618303572,0,0,Intel Core i7,256,0
1020,Dell,2 in 1 Convertible,4,2.08,42410.3472,Intel,141.21200170272436,1,1,Intel Core i3,0,1000
1022,HP,Notebook,8,1.11,61218.72,Intel,165.6321222979323,0,1,Intel Core i5,256,0
1023,HP,Notebook,8,1.64,63159.7104,Nvidia,157.35051618303572,0,0,Intel Core i7,256,0
1024,Dell,Notebook,8,2.09,55754.3232,Intel,141.21200170272436,0,0,Intel Core i5,0,500
1025,HP,Ultrabook,4,1.26,83063.52,Intel,125.367431640625,0,0,Intel Core i5,256,0
1026,HP,Notebook,4,2.31,63349.92,Intel,111.93520682198661,0,0,Intel Core i5,0,500
1027,HP,Notebook,4,1.95,56476.8,Intel,111.93520682198661,0,0,Intel Core i5,0,500
1028,Dell,Ultrabook,8,1.29,86526.72,Intel,276.05353104440786,1,0,Intel Core i5,256,0
1029,HP,Notebook,8,2.63,57542.4,Nvidia,127.33567783598265,0,0,Intel Core i5,256,0
1030,HP,Notebook,4,1.64,51841.44,Intel,111.93520682198661,0,0,Intel Core i5,256,0
1031,Acer,Notebook,6,2.1,21791.52,AMD,100.45467278896234,0,0,AMD Processor,0,1000
1033,HP,Notebook,8,1.95,63669.6,Intel,157.35051618303572,0,0,Intel Core i5,256,0
1034,HP,Notebook,8,1.84,65480.5872,Intel,141.21200170272436,0,0,Intel Core i7,256,0
1035,HP,Ultrabook,8,1.26,71874.72,Intel,176.232578125,0,0,Intel Core i7,256,0
1036,HP,Notebook,4,2.04,39533.76,Intel,100.45467278896234,0,0,Intel Core i5,0,500
1038,Dell,Notebook,8,2.09,56633.976,Intel,141.21200170272436,0,0,Intel Core i5,256,0
1039,HP,Notebook,8,1.64,53839.9728,Intel,157.35051618303572,0,0,Intel Core i5,256,0
1040,Lenovo,2 in 1 Convertible,4,1.8,45128.16,Intel,141.21200170272436,1,1,Intel Core i7,256,0
1043,Lenovo,Notebook,8,2.3,55922.688,Intel,141.21200170272436,0,0,Intel Core i5,256,0
1044,HP,Notebook,4,1.54,53280.0,Intel,157.35051618303572,0,0,Intel Core i5,0,500
1045,HP,Notebook,8,1.84,112065.9552,Intel,141.21200170272436,0,0,Intel Core i5,256,500
1046,HP,Notebook,8,1.43,78268.31999999999,Intel,157.35051618303572,0,0,Intel Core i5,256,0
1048,Lenovo,Gaming,16,4.6,122010.66719999998,Nvidia,127.33567783598265,0,1,Intel Core i7,128,1000
1049,Asus,Netbook,4,1.2,15339.311999999998,Intel,135.09421512998384,0,0,Other Intel Processor,0,0
1050,Lenovo,Notebook,16,1.1,139593.6,Intel,209.80067661830358,0,1,Intel Core i7,256,0
1051,HP,Notebook,8,1.91,52161.12,Nvidia,141.21200170272436,0,1,Intel Core i7,0,1000
1052,Dell,2 in 1 Convertible,8,2.3,58288.32,Intel,141.21200170272436,1,1,Intel Core i5,256,0
1053,HP,Notebook,4,2.04,52161.12,Intel,100.45467278896234,0,0,Intel Core i5,256,0
1054,Dell,Ultrabook,16,1.2,120093.12,Intel,276.05353104440786,1,0,Intel Core i7,1000,0
1055,HP,Notebook,4,2.31,37570.392,Intel,100.45467278896234,0,0,Intel Core i3,0,500
1056,HP,Notebook,4,1.96,26586.72,Intel,100.45467278896234,0,0,Intel Core i5,0,500
1057,Acer,Notebook,8,2.4,23922.72,AMD,100.45467278896234,0,0,AMD Processor,0,1000
1058,Dell,2 in 1 Convertible,12,1.6,69210.72,Intel,165.6321222979323,1,1,Intel Core i7,256,0
1060,HP,Notebook,8,2.04,57009.6,Intel,141.21200170272436,0,0,Intel Core i7,256,0
1061,Asus,Gaming,16,4.0,53173.44,Nvidia,127.33567783598265,0,1,Intel Core i7,0,1000
1062,Dell,Notebook,4,2.25,29783.52,Intel,141.21200170272436,0,0,Intel Core i5,0,1000
1063,Dell,Notebook,16,2.32,52746.6672,AMD,141.21200170272436,0,0,Intel Core i7,0,2000
1065,Dell,Ultrabook,8,1.29,77682.23999999999,Intel,165.6321222979323,0,0,Intel Core i7,256,0
1066,Asus,Gaming,64,3.58,211788.0,Nvidia,127.33567783598265,0,1,Intel Core i7,1000,0
1067,Dell,2 in 1 Convertible,8,1.62,42517.9728,Intel,165.6321222979323,1,0,Intel Core i7,256,0
1068,Dell,Gaming,16,3.21,70809.12,Nvidia,282.42400340544873,0,0,Intel Core i7,256,1000
1070,Dell,Notebook,4,2.06,25679.8944,Intel,100.45467278896234,0,0,Intel Core i3,0,500
1071,HP,Notebook,4,2.31,63882.72,Intel,100.45467278896234,0,0,Intel Core i5,0,500
1072,HP,Ultrabook,8,1.26,63882.72,Intel,176.232578125,0,0,Intel Core i5,256,0
1073,HP,Notebook,8,1.49,58075.2,Intel,165.6321222979323,0,0,Intel Core i7,256,0
1074,Lenovo,Ultrabook,8,1.3,91294.7472,Intel,176.232578125,1,1,Intel Core i7,256,0
1075,Lenovo,Notebook,8,3.0,35111.52,AMD,106.11306251128974,0,0,Intel Core i5,0,10000
1076,Lenovo,Notebook,4,2.3,52054.56,Nvidia,141.21200170272436,0,1,Intel Core i5,0,1000
1078,Lenovo,Notebook,4,2.1,28771.2,Intel,100.45467278896234,0,0,Intel Core i5,0,500
1079,HP,Notebook,4,2.31,50083.2,Intel,141.21200170272436,0,0,Intel Core i5,0,500
1080,Lenovo,Ultrabook,8,0.99,74538.72,Intel,234.9767578125,1,1,Other Intel Processor,512,0
1081,Lenovo,Gaming,32,4.6,172627.19999999998,Nvidia,127.33567783598265,0,1,Intel Core i7,512,0
1082,Lenovo,2 in 1 Convertible,4,0.69,34433.2656,Intel,224.17381362159654,1,1,Other Intel Processor,0,0
1083,HP,Ultrabook,16,1.3,109170.72,Intel,331.2642445958646,0,1,Intel Core i7,512,0
1084,Dell,Notebook,8,2.18,39960.0,Intel,141.21200170272436,0,0,Intel Core i5,256,0
1085,HP,Notebook,4,1.54,54931.14719999999,Intel,157.35051618303572,0,0,Intel Core i5,0,500
1086,HP,Workstation,8,1.9,79653.59999999999,AMD,141.21200170272436,0,0,Intel Core i7,256,0
1087,Lenovo,Notebook,8,1.7,63882.72,Intel,157.35051618303572,0,0,Intel Core i5,180,0
1088,HP,Notebook,4,1.29,32767.2,Intel,276.05353104440786,0,0,Other Intel Processor,0,0
1089,Acer,Notebook,4,2.4,20619.36,AMD,100.45467278896234,0,0,AMD Processor,0,500
1090,Dell,Notebook,4,2.2,20965.1472,Intel,100.45467278896234,0,0,Other Intel Processor,0,500
1091,HP,Notebook,4,1.86,18434.3472,Intel,100.45467278896234,0,0,Intel Core i3,0,1000
1092,Asus,Gaming,8,2.7,85194.72,Nvidia,127.33567783598265,0,1,Intel Core i7,256,1000
1093,Dell,Ultrabook,4,1.4,43601.688,AMD,165.6321222979323,0,1,Intel Core i5,256,0
1094,HP,Netbook,4,2.4,85194.72,Intel,125.367431640625,0,0,Intel Core i5,128,0
1095,Acer,Notebook,8,2.4,42570.72,Nvidia,141.21200170272436,0,0,Intel Core i5,256,1000
1096,Dell,Notebook,8,2.36,34035.264,AMD,141.21200170272436,0,0,Intel Core i5,0,1000
1098,HP,Notebook,4,1.96,26640.0,Intel,100.45467278896234,0,0,Other Intel Processor,0,1000
1099,Asus,Gaming,16,4.3,122490.72,Nvidia,127.33567783598265,0,1,Intel Core i7,128,1000
1100,Dell,Ultrabook,4,1.5,60480.792,Intel,125.367431640625,0,0,Intel Core i3,0,500
1101,Dell,Ultrabook,4,1.5,62176.1616,Intel,125.367431640625,0,0,Intel Core i3,128,0
1102,Acer,Notebook,4,2.2,11135.52,Intel,100.45467278896234,0,0,Other Intel Processor,16,0
1103,HP,Workstation,8,3.0,154458.72,AMD,127.33567783598265,0,1,Intel Core i7,0,1000
1104,Lenovo,Gaming,16,2.4,63882.72,Nvidia,141.21200170272436,0,0,Intel Core i7,512,0
1105,Dell,Ultrabook,8,1.5,75289.968,Intel,125.367431640625,0,0,Intel Core i5,256,0
1107,Lenovo,2 in 1 Convertible,4,2.1,46193.76,Intel,141.21200170272436,1,1,Intel Core i5,256,0
1108,HP,Notebook,4,2.1,21205.44,AMD,141.21200170272436,0,0,AMD Processor,0,1000
1109,Asus,Gaming,16,2.59,71341.92,Nvidia,141.21200170272436,0,1,Intel Core i7,128,1000
1110,HP,Notebook,8,1.16,90522.72,Intel,276.05353104440786,1,0,Other Intel Processor,256,0
1111,Dell,Notebook,4,2.24,40980.312,AMD,100.45467278896234,0,0,Intel Core i5,0,500
1112,Lenovo,Notebook,4,2.1,22857.12,Intel,100.45467278896234,0,0,Intel Core i3,128,0
1113,HP,Ultrabook,8,1.16,104908.32,Intel,165.6321222979323,0,0,Intel Core i7,512,0
1114,Lenovo,2 in 1 Convertible,4,0.69,29250.72,Intel,224.17381362159654,1,1,Other Intel Processor,0,0
1115,Dell,Ultrabook,8,1.23,73473.12,Intel,165.6321222979323,0,0,Intel Core i7,256,0
1116,Lenovo,Gaming,16,4.6,146519.46719999998,Nvidia,127.33567783598265,0,1,Intel Core i7,256,0
1119,Asus,Gaming,8,3.52,69929.4672,Nvidia,127.33567783598265,0,0,Intel Core i7,128,1000
1121,HP,Notebook,8,1.16,90043.2,Intel,165.6321222979323,0,0,Intel Core i5,256,0
1122,HP,Notebook,8,1.43,80612.64,Intel,157.35051618303572,0,0,Intel Core i5,256,0
1123,Dell,Notebook,4,2.09,27899.0064,Intel,100.45467278896234,0,0,Intel Core i5,0,500
1124,Asus,Notebook,4,2.0,23176.8,Intel,100.45467278896234,0,0,Intel Core i3,0,1000
1125,Lenovo,2 in 1 Convertible,8,1.8,88924.31999999999,Intel,157.35051618303572,1,1,Intel Core i7,256,0
1126,Lenovo,2 in 1 Convertible,4,0.69,25521.12,Intel,224.17381362159654,1,1,Other Intel Processor,0,0
1127,HP,Ultrabook,8,1.26,100965.6,Intel,125.367431640625,0,0,Intel Core i5,256,0
1128,Lenovo,Gaming,8,2.4,52693.92,Nvidia,141.21200170272436,0,1,Intel Core i5,128,1000
1129,HP,Gaming,8,3.35,60153.12,Nvidia,127.33567783598265,0,1,Intel Core i5,128,1000
1130,HP,Notebook,8,2.04,33513.119999999995,Intel,100.45467278896234,0,0,Intel Core i7,0,2000
1131,Lenovo,2 in 1 Convertible,8,1.8,109244.2464,Nvidia,157.35051618303572,1,1,Intel Core i7,512,0
1132,Asus,Notebook,4,1.5,14811.84,Intel,111.93520682198661,0,0,Other Intel Processor,0,0
1133,HP,Ultrabook,8,1.84,40066.56,Intel,141.21200170272436,0,0,Intel Core i7,256,0
1134,Acer,Notebook,4,2.23,32820.48,Nvidia,141.21200170272436,0,0,Intel Core i5,0,1000
1135,Lenovo,Notebook,16,2.5,58554.72,AMD,141.21200170272436,0,0,Intel Core i7,0,0
1136,HP,Workstation,8,3.0,210424.032,Nvidia,127.33567783598265,0,1,Intel Core i7,256,0
1137,Dell,Notebook,8,2.5,41771.52,AMD,100.45467278896234,0,0,Intel Core i5,0,1000
1139,HP,Ultrabook,8,1.88,115709.2416,Intel,141.21200170272436,0,0,Intel Core i7,256,0
1140,Lenovo,2 in 1 Convertible,16,2.8,130003.2,Intel,209.80067661830358,1,1,Intel Core i7,512,0
1142,HP,2 in 1 Convertible,8,1.48,86793.12,Intel,165.6321222979323,1,0,Intel Core i5,256,0
1143,HP,Workstation,8,2.59,118761.12,Nvidia,141.21200170272436,0,1,Intel Core i7,256,0
1144,HP,2 in 1 Convertible,8,1.48,95850.72,Intel,220.84281749295113,1,0,Intel Core i7,256,0
1145,HP,Workstation,8,2.0,101178.72,Nvidia,141.21200170272436,0,0,Intel Core i7,256,0
1146,HP,Ultrabook,8,1.26,122381.49599999998,Intel,176.232578125,0,0,Intel Core i7,256,0
1147,Dell,Notebook,8,2.18,53807.472,Nvidia,141.21200170272436,0,0,Intel Core i7,256,0
1148,HP,Notebook,8,1.88,84129.12,Intel,141.21200170272436,0,0,Intel Core i5,256,0
1149,Lenovo,2 in 1 Convertible,8,1.27,124621.92,Intel,209.80067661830358,1,1,Intel Core i7,256,0
1150,Lenovo,Notebook,4,1.9,18061.92,Intel,100.45467278896234,0,0,Intel Core i3,0,1000
1151,HP,Notebook,4,1.86,15824.16,AMD,100.45467278896234,0,0,AMD Processor,0,500
1152,Lenovo,Notebook,8,2.32,31914.72,AMD,141.21200170272436,0,0,Intel Core i5,0,1000
1153,Dell,Gaming,8,2.62,63882.72,Nvidia,141.21200170272436,0,0,Intel Core i7,0,1000
1154,Dell,Notebook,8,2.04,119916.2304,Nvidia,282.42400340544873,1,1,Intel Core i5,256,0
1155,HP,Notebook,4,1.91,25515.2592,AMD,141.21200170272436,0,0,AMD Processor,256,0
1157,Lenovo,Ultrabook,12,1.4,122490.72,Intel,157.35051618303572,0,0,Intel Core i7,512,0
1158,Lenovo,Notebook,8,2.5,42010.7472,AMD,141.21200170272436,0,0,Intel Core i5,0,0
1159,HP,2 in 1 Convertible,8,1.48,108744.48,Intel,220.84281749295113,1,0,Intel Core i7,512,0
1160,Lenovo,Ultrabook,8,1.7,79866.72,Intel,157.35051618303572,0,0,Intel Core i7,256,0
1162,HP,Gaming,8,2.62,47898.72,Nvidia,141.21200170272436,0,1,Intel Core i7,0,1000
1163,Lenovo,Notebook,8,2.2,24455.52,Intel,100.45467278896234,0,0,Intel Core i3,0,1000
1164,HP,Notebook,4,2.1,25414.0272,Intel,100.45467278896234,0,0,Intel Core i5,0,500
1165,Dell,Gaming,8,2.62,79813.44,Nvidia,282.42400340544873,0,0,Intel Core i7,128,1000
1166,Lenovo,Notebook,8,1.95,74059.2,Intel,141.21200170272436,0,1,Intel Core i5,256,0
1167,Lenovo,Notebook,4,2.2,24935.04,Nvidia,141.21200170272436,0,0,Intel Core i3,0,1000
1168,HP,Notebook,2,1.44,13266.72,Intel,111.93520682198661,0,0,Other Intel Processor,0,0
1170,HP,Notebook,8,1.96,36177.12,Intel,141.21200170272436,0,0,Intel Core i7,256,0
1171,HP,Notebook,16,2.1,61751.52,Intel,141.21200170272436,0,0,Intel Core i7,512,0
1172,Asus,Notebook,4,2.2,19660.32,Intel,100.45467278896234,0,0,Other Intel Processor,0,500
1173,Lenovo,Notebook,4,2.1,21205.44,Intel,100.45467278896234,0,0,Intel Core i5,0,500
1174,Lenovo,Notebook,8,2.2,37775.52,Nvidia,141.21200170272436,0,0,Intel Core i7,0,1000
1175,Asus,Notebook,4,2.0,40972.32,Intel,157.35051618303572,0,0,Intel Core i3,256,0
1176,Lenovo,Notebook,4,2.32,43956.0,Intel,141.21200170272436,0,0,Intel Core i7,0,0
1177,Lenovo,Gaming,16,3.31,69530.4,Nvidia,141.21200170272436,0,1,Intel Core i7,512,0
1179,HP,Notebook,4,2.07,34632.0,Intel,100.45467278896234,0,0,Intel Core i3,0,500
1180,Lenovo,2 in 1 Convertible,8,1.36,87219.36,Intel,209.80067661830358,1,1,Intel Core i5,256,0
1181,Lenovo,Ultrabook,6,1.54,44275.68,Nvidia,141.21200170272436,0,0,Intel Core i7,256,0
1182,Dell,Notebook,8,1.98,47686.1328,Nvidia,141.21200170272436,0,0,Intel Core i7,256,0
1183,Acer,Notebook,4,2.1,17742.239999999998,Intel,100.45467278896234,0,0,Other Intel Processor,0,500
1184,HP,Notebook,6,2.18,42570.72,Nvidia,141.21200170272436,0,1,Intel Core i7,0,1000
1185,Asus,Gaming,8,2.591,48431.52,Nvidia,141.21200170272436,0,1,Intel Core i7,256,1000
1186,Dell,2 in 1 Convertible,16,2.09,62817.12,Intel,141.21200170272436,1,0,Intel Core i7,512,0
1187,Acer,Notebook,4,2.23,36816.48,Nvidia,141.21200170272436,0,0,Intel Core i5,256,0
1188,Dell,Ultrabook,8,1.23,58554.72,Intel,276.05353104440786,1,0,Intel Core i5,256,0
1189,Acer,Gaming,16,4.2,138474.72,Nvidia,127.33567783598265,0,1,Intel Core i7,256,1000
1190,Lenovo,Gaming,8,2.4,43636.32,Nvidia,141.21200170272436,0,1,Intel Core i5,0,1000
1192,HP,Notebook,4,1.86,25840.8,Intel,100.45467278896234,0,0,Intel Core i5,0,500
1194,Dell,2 in 1 Convertible,8,1.6,63882.72,Intel,165.6321222979323,1,1,Intel Core i5,256,0
1195,HP,Notebook,12,2.21,70702.56,Nvidia,141.21200170272436,0,1,Intel Core i7,128,1000
1196,Lenovo,Notebook,4,1.9,19607.04,AMD,100.45467278896234,0,0,Intel Core i3,0,1000
1197,Asus,Gaming,16,4.3,114552.0,Nvidia,127.33567783598265,0,1,Intel Core i7,512,1000
1198,Acer,Notebook,4,2.1,14492.16,Intel,100.45467278896234,0,0,Other Intel Processor,0,1000
1200,Dell,Notebook,4,2.3,26586.72,AMD,100.45467278896234,0,0,Intel Core i3,128,0
1201,Lenovo,Notebook,8,2.2,33513.119999999995,Nvidia,100.45467278896234,0,0,Intel Core i7,0,500
1202,Dell,2 in 1 Convertible,16,2.0,68464.8,Intel,141.21200170272436,1,0,Intel Core i7,512,0
1203,Dell,Ultrabook,16,1.2,142790.4,Intel,276.05353104440786,1,0,Intel Core i7,512,0
1204,Asus,Gaming,8,2.2,62284.32,Nvidia,141.21200170272436,0,0,Intel Core i7,0,1000
1205,Dell,Notebook,8,2.36,47365.92,AMD,141.21200170272436,0,0,Intel Core i5,256,0
1206,HP,Notebook,8,1.91,30849.12,Intel,100.45467278896234,0,0,Intel Core i5,256,0
1207,Lenovo,Notebook,4,2.2,15930.72,AMD,100.45467278896234,0,0,AMD Processor,0,500
1208,Acer,Notebook,8,3.3,33513.119999999995,Nvidia,106.11306251128974,0,0,Intel Core i3,0,1000
1209,Asus,Gaming,16,2.2,130482.72,Nvidia,141.21200170272436,0,0,Intel Core i7,256,1000
1211,Asus,Notebook,16,2.2,93186.72,Nvidia,141.21200170272436,0,0,Intel Core i7,128,1000
1213,Dell,2 in 1 Convertible,8,2.191,53226.72,Intel,141.21200170272436,1,1,Intel Core i5,256,0
1214,Asus,Gaming,16,2.9,103842.72,Nvidia,127.33567783598265,0,0,Intel Core i7,256,1000
1215,Acer,Netbook,2,1.3,9270.72,Intel,135.09421512998384,0,0,Other Intel Processor,32,0
1216,Acer,Notebook,4,3.3,31861.44,Nvidia,106.11306251128974,0,0,Intel Core i3,0,1000
1217,Lenovo,Notebook,8,2.8,28717.92,Intel,106.11306251128974,0,0,Intel Core i5,0,1000
1218,Lenovo,Gaming,8,2.6,67772.16,Nvidia,141.21200170272436,0,1,Intel Core i7,128,1000
1219,Acer,2 in 1 Convertible,8,1.2,61218.72,Intel,157.35051618303572,1,1,Intel Core i7,256,0
1220,Lenovo,Notebook,8,2.3,81465.12,Intel,141.21200170272436,0,1,Intel Core i7,256,0
1222,HP,Notebook,6,2.1,28185.12,AMD,141.21200170272436,0,0,AMD Processor,0,1000
1223,Dell,Ultrabook,8,1.26,91288.3536,Intel,176.232578125,1,0,Intel Core i5,256,0
1224,Dell,2 in 1 Convertible,4,2.08,27119.52,Intel,146.86048177083333,1,0,Intel Core i3,0,500
1225,Asus,Notebook,4,2.65,16463.52,Intel,100.45467278896234,0,0,Other Intel Processor,0,1000
1226,Dell,Ultrabook,8,1.29,78694.56,Intel,276.05353104440786,1,0,Intel Core i7,256,0
1227,Dell,Notebook,4,2.18,27804.7008,Intel,100.45467278896234,0,0,Intel Core i5,0,1000
1228,Lenovo,Gaming,16,2.6,54825.12,Nvidia,141.21200170272436,1,1,Intel Core i7,128,1000
1230,Lenovo,Netbook,16,1.3,87912.0,Intel,176.232578125,1,1,Intel Core i7,512,0
1232,Dell,Notebook,8,2.3,24988.8528,Intel,100.45467278896234,1,0,Intel Core i3,0,1000
1235,HP,Notebook,4,2.1,25467.84,Intel,141.21200170272436,0,0,Intel Core i3,0,1000
1236,HP,Ultrabook,8,1.54,117119.5632,Intel,209.80067661830358,0,0,Intel Core i7,256,0
1237,Dell,Notebook,4,2.24,39267.36,Intel,100.45467278896234,0,0,Intel Core i5,0,500
1239,Lenovo,Notebook,16,1.4,79866.72,Intel,165.6321222979323,0,1,Intel Core i7,512,0
1240,Lenovo,Notebook,6,2.2,31838.5296,AMD,141.21200170272436,0,0,AMD Processor,256,0
1241,Asus,Ultrabook,8,1.45,68198.4,Intel,165.6321222979323,0,0,Intel Core i7,256,0
1242,Acer,Notebook,4,2.4,19276.704,Intel,100.45467278896234,0,0,Intel Core i3,0,500
1243,Dell,2 in 1 Convertible,16,2.77,95850.72,Nvidia,127.33567783598265,1,0,Intel Core i7,512,0
1244,HP,Notebook,4,1.54,58607.46719999999,Intel,157.35051618303572,0,0,Intel Core i5,256,0
1245,Asus,Gaming,16,2.5,85248.0,Nvidia,141.21200170272436,0,1,Intel Core i7,256,1000
1246,Dell,Notebook,4,1.6,46620.0,Intel,111.93520682198661,0,0,Intel Core i5,0,500
1247,Asus,Gaming,16,2.34,123876.0,Nvidia,141.21200170272436,0,1,Intel Core i7,256,1000
1248,Lenovo,Notebook,8,2.3,30529.44,Intel,141.21200170272436,0,1,Intel Core i5,256,0
1249,Dell,2 in 1 Convertible,8,1.24,96596.64,Intel,276.05353104440786,1,0,Intel Core i5,256,0
1250,Dell,Notebook,4,2.2,17262.72,Intel,100.45467278896234,0,0,Other Intel Processor,0,500
1251,HP,Notebook,4,1.86,21258.72,AMD,100.45467278896234,0,0,AMD Processor,0,500
1252,Lenovo,Notebook,6,2.4,30316.32,Nvidia,141.21200170272436,0,0,Intel Core i3,128,0
1253,Lenovo,Notebook,8,1.9,57116.16,Intel,157.35051618303572,0,1,Intel Core i5,256,0
1254,Dell,Notebook,4,2.2,23655.7872,Intel,100.45467278896234,0,0,Other Intel Processor,0,500
1255,Asus,Notebook,4,2.0,18061.92,Intel,100.45467278896234,0,0,Other Intel Processor,0,1000
1256,Asus,Gaming,16,4.0,101232.0,Nvidia,127.33567783598265,0,1,Intel Core i7,128,1000
1257,Dell,Notebook,4,2.29,26107.2,Intel,100.45467278896234,0,0,Intel Core i3,0,500
1258,Lenovo,Notebook,8,2.32,47685.6,AMD,141.21200170272436,0,0,Intel Core i7,0,0
1260,Lenovo,2 in 1 Convertible,4,1.8,44382.7728,Intel,157.35051618303572,1,0,Intel Core i5,128,0
1261,Asus,Ultrabook,8,1.2,38841.12,Intel,165.6321222979323,0,1,Other Intel Processor,512,0
1262,Dell,Notebook,6,2.3,24455.52,Intel,100.45467278896234,0,0,Intel Core i3,0,1000
1263,Acer,Notebook,4,2.4,15397.92,Intel,100.45467278896234,0,0,Other Intel Processor,0,500
1264,Dell,Notebook,2,2.2,20193.12,Intel,100.45467278896234,0,0,Other Intel Processor,0,500
1265,Lenovo,Notebook,8,2.6,47898.72,Nvidia,141.21200170272436,0,1,Intel Core i7,0,1000
1266,HP,Notebook,6,2.04,29303.4672,AMD,141.21200170272436,0,0,AMD Processor,0,0
1267,Dell,Notebook,8,2.3,42943.1472,AMD,100.45467278896234,0,0,Intel Core i7,0,1000
1268,HP,Netbook,2,1.17,11135.52,Intel,135.09421512998384,0,0,Other Intel Processor,0,0
1269,Asus,Notebook,4,2.2,38378.6496,Nvidia,100.45467278896234,0,0,Intel Core i7,0,500
1270,Lenovo,2 in 1 Convertible,4,1.8,33992.64,Intel,157.35051618303572,1,1,Intel Core i7,128,0
1271,Lenovo,2 in 1 Convertible,16,1.3,79866.72,Intel,276.05353104440786,1,1,Intel Core i7,512,0
1272,Lenovo,Notebook,2,1.5,12201.12,Intel,111.93520682198661,0,0,Other Intel Processor,0,0
1273,HP,Notebook,6,2.19,40705.92,AMD,100.45467278896234,0,0,Intel Core i7,0,1000
